result_id,campaign_id,customer_id,interaction_date,action,revenue_generated
942f0ac4-23a5-4fc2-82f3-8fa9429a22ca,6318d6f8-94dc-42b0-b253-da3ae5897793,2c0ecfc1-2c47-4e4d-b58c-6d39861502ed,2024-10-09,click,12.44
07a07e7d-e70e-42d1-b1de-9474d45bc6a3,b3d12371-ca1d-4c3c-ad30-829686e2dd65,38854c73-6e34-4d9b-b1b6-08ab6f421527,2024-09-13,conversion,1.44
59f15caa-acbc-4134-b444-4531a7be8705,1fdea342-8d28-4eab-80a3-5629bf977118,55561b92-8d0c-440d-a267-73f09620095f,2024-09-12,impression,25.61
f232ec8f-34f4-4b32-a019-e3656b7bb4ce,0fe471cd-87c9-459e-8ec8-bc3cf2e0270b,fdadced3-b8cc-4ba0-9d39-f589afb36aee,2024-10-03,conversion,61.2
956dbc7a-1bf8-4a59-bc2c-aa6292f35d89,f3343a8e-4755-45fb-9fcb-f92f377c7442,3705ebaa-2016-4026-a583-605c516c9cad,2024-09-30,impression,11.8
2b1690bf-4170-4ee0-8036-49c4a2c7d448,9eb704d3-ffc4-472c-a802-ca685c0e1894,839f7eb3-401f-4a93-b8fa-ef4c46ac87a3,2024-10-08,impression,97.35
e3c227c7-5113-4c16-b8ff-e80b9e98dc24,8e3acb42-ceaa-4e15-b62c-617d0d0118b0,74f50d8c-5138-4036-a483-4aeb0885e490,2024-09-30,impression,62.72
e03f58a8-9f22-406b-971b-bb203b9652be,1fdea342-8d28-4eab-80a3-5629bf977118,c3c721a5-a66c-4659-a8a8-6312b70502bd,2024-10-03,conversion,9.38
7adbb510-c072-43a7-bdcc-44723b546578,c951ec19-27fa-4373-ab42-99b734f554d1,6a3ed29b-9805-496f-996d-ffdf58a32aab,2024-09-22,click,96.4
1d829b70-64f1-4603-acc1-c2a45ab14864,39d73fae-cf00-4f16-9170-29f776a63913,4f8811c9-c1f1-4f1d-860c-5dc2aad23600,2024-09-12,click,81.5
726811a9-8035-49f9-a255-c46c69f3684b,f3343a8e-4755-45fb-9fcb-f92f377c7442,9e5066b4-a994-484f-9d2e-2586e62c7fae,2024-09-16,impression,8.64
c589b4a1-69e6-4ab8-aaaa-3c1f4673aaec,60d76de0-f560-400b-929e-922aeecd5157,c1f17076-9aa1-408e-ae92-13fa84c2becc,2024-10-06,conversion,88.94
79e80312-b2db-4981-86fb-f9bad2ff4a47,c951ec19-27fa-4373-ab42-99b734f554d1,1f82fc8b-730b-4892-abe1-06ab81ddda2c,2024-09-10,click,11.71
b474d11b-d386-4452-b3f0-2b4d145c2590,3cbbae18-950b-451f-a0c5-fad53f1353ce,0e7427e9-74c8-49ef-9a93-a97f183af12d,2024-09-24,click,50.18
903c678a-5e8d-4fb5-8f76-6467ea5198fa,77bc93c9-1042-4f72-821a-1d8092f9c918,1ebdb38d-41ef-4641-a632-eaf073fc6ef3,2024-09-23,click,85.6
e2b33f6b-1fc4-43c0-a659-ab339317dc5b,3bfb43a5-0ce9-47ea-a5a9-b360dbb72cda,c9da6b3c-c191-410f-a1a6-c743e5bdba2f,2024-09-25,click,98.87
1de3cad7-407d-46b5-b1ae-b83802e21369,60d76de0-f560-400b-929e-922aeecd5157,25ba80bb-92f1-417f-810a-6cd80c1bd6a3,2024-09-16,impression,24.5
5fea1f53-6096-495e-b08c-b50f7c35587a,9eb704d3-ffc4-472c-a802-ca685c0e1894,42395c90-2435-4cda-8201-e635ef737983,2024-09-22,impression,34.72
31a3597d-6fc8-4c6c-bab3-e144fdab3e8f,4fa85347-8bca-4b17-85a8-541ee243474e,372f7cbb-325e-47fb-9f44-2836ca5b531a,2024-09-23,click,38.44
7ac0e11b-eb52-40a4-b6bd-1dffa950532e,6d6f4398-addd-451a-8254-315a120e49d8,16e6489f-f209-4293-bd2f-787b3b2d7b7e,2024-09-26,conversion,38.71
327f4209-4f1a-4a08-9cab-ff9d0aeef6db,8e3acb42-ceaa-4e15-b62c-617d0d0118b0,85cc10d8-8c73-40f4-911d-9c7ff9a7ddc7,2024-10-08,click,54.6
6a6eb5c5-3157-43ca-8c37-d69b0959f528,aa6ecc01-28ef-497f-a8eb-39d822c8be4f,300855fd-2f82-4413-b2fd-75ebdc8f709a,2024-09-30,impression,11.77
6918b961-156e-48ff-9343-92057eba3db0,4fa85347-8bca-4b17-85a8-541ee243474e,905a64ff-a20a-4590-bf45-d9d124a9657e,2024-10-03,impression,73.27
2bb3daff-71bf-4f9a-9ea3-32af44ddaa1d,8e3acb42-ceaa-4e15-b62c-617d0d0118b0,2afa2a4e-b254-42e4-84bf-7caf170e3620,2024-09-12,conversion,47.43
212b39af-c41f-4353-bcb5-4590a4a4a25d,39d73fae-cf00-4f16-9170-29f776a63913,cf597f42-2efa-4fba-a3a6-10671d543bdf,2024-09-23,click,44.7
09423cd8-377d-453d-9d0a-032bac822411,4fa85347-8bca-4b17-85a8-541ee243474e,e7b7ca31-c5ec-44f0-bd2c-e09dea38d0c9,2024-09-11,impression,15.78
a1dd203e-e971-4a80-ad5b-72ef2e97558b,8e3acb42-ceaa-4e15-b62c-617d0d0118b0,3eaf5d1c-e264-4bf9-afe3-c8c923de9eb1,2024-10-02,impression,55.8
5a0d1ff2-46c4-4412-aae3-00a8f35c205a,2fac66a8-1bc0-4aed-af2e-96d29a01fe02,5d20a19e-08e1-4db2-844c-0d861cec7a04,2024-09-24,conversion,29.81
27b284f5-8501-4fd9-a7e6-b78516c330d7,39d73fae-cf00-4f16-9170-29f776a63913,ab61937b-eeba-4ba0-bdb5-344c9339bb77,2024-09-13,impression,71.87
a722bab4-01e5-4b3f-ba43-e06d1756cbc3,1fdea342-8d28-4eab-80a3-5629bf977118,79cfc241-f182-43c6-8299-133a868fe2e9,2024-09-25,conversion,30.8
ec6af3d1-0995-42c4-9847-2c507263de7e,b3d12371-ca1d-4c3c-ad30-829686e2dd65,79de1c52-dafa-4005-8dd5-4761cf128f18,2024-09-16,impression,52.0
3f431a27-28bf-485e-b340-59ea7b5e1c11,3cbbae18-950b-451f-a0c5-fad53f1353ce,25df2549-ecd3-4336-8999-ca1f1aaa1aa4,2024-09-30,click,92.43
13d13224-1a5f-4220-9a10-1bcc7e95a625,b3d12371-ca1d-4c3c-ad30-829686e2dd65,a0f11f32-fa94-4cb0-8238-0d6dc39e6c08,2024-10-03,click,0.2
1c0f9b1a-f5a2-42a7-a21f-44f0b5328e3f,0fe471cd-87c9-459e-8ec8-bc3cf2e0270b,c8308111-18ea-4573-9d56-a0b7e444a5e0,2024-09-18,click,99.25
7011bb64-4a81-4dce-a148-7c1ef55c61ca,3cbbae18-950b-451f-a0c5-fad53f1353ce,20df525c-093b-415c-8be6-16721fca0861,2024-09-11,impression,41.78
22b92b20-01ec-4637-90df-ad1be636f57a,b3d12371-ca1d-4c3c-ad30-829686e2dd65,1954122b-c937-48b8-b1c4-e9cadb8fcc63,2024-09-10,impression,4.35
d13b9b24-6c7f-4c48-919e-5a568ce3bb92,17e0f55f-3d2b-4ddf-995a-d18150aa904a,a523a871-4e1d-4473-ae48-90c5ff5440fe,2024-09-19,impression,64.86
f56d10a3-6c6c-4b4a-9d68-6503888a8939,c951ec19-27fa-4373-ab42-99b734f554d1,f9fe167e-f419-4c78-b403-ea49364d8337,2024-09-30,click,59.48
ffe9c120-7a36-4b64-95e1-da7d5dc99af2,4fa85347-8bca-4b17-85a8-541ee243474e,47aba8dc-e22d-4024-8150-8acc50cbbf19,2024-10-05,click,9.55
4f433977-db1c-4448-bf78-0d0f45166411,a5b5c2f5-c96e-4f33-b6e0-78cf0ef01ee1,2ab03308-fbb9-4ef7-91e9-196eac4a400a,2024-10-06,click,98.4
2c607c41-3fca-47cf-8be3-30691adc640c,2fac66a8-1bc0-4aed-af2e-96d29a01fe02,4e8e12a4-fc9d-495b-8c7b-4304e9c56609,2024-09-27,impression,28.57
dd4b5b85-b142-434b-a694-f92083c1173d,77bc93c9-1042-4f72-821a-1d8092f9c918,c5a7b50e-461a-4d11-a0b2-fb252e95470e,2024-09-19,impression,42.79
610a5314-a3ad-4c33-8f33-55c3c261568d,f3343a8e-4755-45fb-9fcb-f92f377c7442,33b18b01-094a-4b9f-ad8b-738724152276,2024-09-24,impression,77.3
3ed5d283-884a-498d-a77a-bc07e2dab9db,60d76de0-f560-400b-929e-922aeecd5157,03f2d93d-b62b-4732-933e-5ea79b40b976,2024-09-28,impression,29.22
ee9cfc65-96b1-4200-8e50-707e8449730b,a5b5c2f5-c96e-4f33-b6e0-78cf0ef01ee1,b5018f0b-c44e-48e3-8232-c84d6b1fb23d,2024-09-19,conversion,53.75
989a84fe-09bd-4010-948f-9f4e28dcc685,60d76de0-f560-400b-929e-922aeecd5157,820f8e43-4dfb-4e11-90a1-a0cf95d20c33,2024-09-14,impression,77.8
1fee8db7-3577-4743-9e27-4c23cca00cd7,c951ec19-27fa-4373-ab42-99b734f554d1,a3d3310d-c224-4d8e-91df-2438791b7c94,2024-09-30,conversion,86.3
7f81deec-b19f-4543-a8fb-969c27874591,b3d12371-ca1d-4c3c-ad30-829686e2dd65,cf449193-99a0-4909-aa31-226eee7884f7,2024-09-17,click,45.29
8f52a264-bbb2-4976-a27a-8b069f5cb116,6318d6f8-94dc-42b0-b253-da3ae5897793,42f86307-d6e2-43ea-ba17-0924e58f2922,2024-09-23,impression,46.35
10173da8-bcab-4b48-b180-927727605c44,3cbbae18-950b-451f-a0c5-fad53f1353ce,29283b53-8e7d-42d5-92c8-2f7ad9c75911,2024-09-24,impression,86.13
a5956929-711d-4ef4-addf-7ffabb2dc826,6318d6f8-94dc-42b0-b253-da3ae5897793,300855fd-2f82-4413-b2fd-75ebdc8f709a,2024-09-26,conversion,22.17
ad485332-1cad-460a-8971-495a7a492e98,6d6f4398-addd-451a-8254-315a120e49d8,3f412987-fd20-45cf-960d-2dea34103269,2024-10-01,impression,97.81
db2f8ee9-0a29-4a15-9593-1996942a200a,b3d12371-ca1d-4c3c-ad30-829686e2dd65,cee1002a-7b51-4355-8e11-b76dc40519d3,2024-09-11,click,16.41
ae9c12bf-cf5f-419c-9d04-05f23e1fbf64,aa6ecc01-28ef-497f-a8eb-39d822c8be4f,62f60754-3db0-4692-ac3a-561a9b8d0d96,2024-09-25,click,0.31
a161defc-2a60-44f3-89d4-5a9fd5987035,2fac66a8-1bc0-4aed-af2e-96d29a01fe02,6ee39d8c-a418-423d-9cea-d1ac993874ec,2024-10-01,click,73.92
5230be1d-21ba-42ab-ab74-f2ebff5cd975,ebb3123b-4158-41cd-92ff-7292f58c1f64,f06de140-814b-437d-8c45-e0f56213f234,2024-09-17,conversion,74.5
14345a36-fac4-448e-a1a6-97daea11bf5d,6d6f4398-addd-451a-8254-315a120e49d8,93d9f81d-7949-409e-a28b-82bb68e5fe27,2024-10-03,click,35.81
2bbf588a-2142-419c-bc9f-e73862db7b4d,3bfb43a5-0ce9-47ea-a5a9-b360dbb72cda,936e7515-d817-4443-85dc-a7bb629492f3,2024-09-10,conversion,58.84
f8c51bde-a6b1-47a7-a330-a3940ee75d7c,0fe471cd-87c9-459e-8ec8-bc3cf2e0270b,7d2f2981-7a98-4107-ac85-7e3de79b5fd1,2024-09-24,conversion,68.33
ad392b00-38f2-48ca-a592-6a1c3dda4488,c951ec19-27fa-4373-ab42-99b734f554d1,528ad98a-097d-4e3a-ba91-daec8796ddaa,2024-09-20,conversion,24.94
23130cc1-0f8e-4fab-851b-a26f8380bdfa,6d6f4398-addd-451a-8254-315a120e49d8,eb2c1f4e-0781-4993-b0e6-462aae446408,2024-09-17,conversion,47.35
100d8b96-8a0c-48b2-be69-ca1f0ad1a403,ebb3123b-4158-41cd-92ff-7292f58c1f64,8b8662de-0496-451f-81bf-92894ce1d68d,2024-10-07,impression,52.95
f8e45c4d-7bb3-4276-831d-21882d97cff1,3bfb43a5-0ce9-47ea-a5a9-b360dbb72cda,d606bc37-7a41-4ece-9e2e-bf7e070d9594,2024-09-17,click,96.71
14fa67be-4d3c-4fb9-ad8b-2dd1849524bb,8e3acb42-ceaa-4e15-b62c-617d0d0118b0,63f5c740-4fd6-4db9-b4e9-57d0bbc22452,2024-10-01,conversion,95.95
a41433ee-3aa6-4a8d-bbe9-177db6d1ce4e,0fe471cd-87c9-459e-8ec8-bc3cf2e0270b,dd2545d9-4d21-4de9-bdb3-593bed1ed0bb,2024-10-01,impression,85.15
06c52cb2-aa64-44a2-a14e-49af60b5a67d,a5b5c2f5-c96e-4f33-b6e0-78cf0ef01ee1,d4db0a4d-b040-461b-8f5b-ad863b37f492,2024-09-23,click,45.14
f96b1099-5214-4262-8d07-48d0cf64b67b,aa6ecc01-28ef-497f-a8eb-39d822c8be4f,292e4703-5a2d-486f-a727-32a57633f35b,2024-09-22,click,81.72
31f0055e-1120-4202-bff3-efa96303a506,ebb3123b-4158-41cd-92ff-7292f58c1f64,782b9280-e92e-463d-8dd9-e6b174a090dc,2024-09-20,click,64.96
ee67112f-9442-4a55-925a-b915c8206ae1,8e3acb42-ceaa-4e15-b62c-617d0d0118b0,472ccd21-7fab-4e50-b169-f6a597c6b630,2024-09-25,conversion,28.56
430badad-a020-4cee-a59c-fedf6b6b06cc,39d73fae-cf00-4f16-9170-29f776a63913,0bdfdc85-c61d-477f-ba6a-b168e3e3b0b2,2024-09-15,click,62.32
89782bea-5fe8-4784-91e7-fed61ba3ec43,4fa85347-8bca-4b17-85a8-541ee243474e,c40f5901-a9e4-44a3-bcbd-b0c514b17b75,2024-09-16,conversion,81.62
73b4609d-7ad6-4be7-b67e-26620a076e40,6d6f4398-addd-451a-8254-315a120e49d8,7610ffce-5b42-4927-a68e-f18e684af511,2024-09-20,click,33.16
2b3bfdad-66e0-495b-81b9-09caceb56a93,1fdea342-8d28-4eab-80a3-5629bf977118,f61dd67c-52c9-4548-92be-bc41adc6c00f,2024-10-01,conversion,18.3
586eedde-3fc8-4335-828a-db900fb84e19,9eb704d3-ffc4-472c-a802-ca685c0e1894,25df2549-ecd3-4336-8999-ca1f1aaa1aa4,2024-09-10,impression,4.91
d8b4f4e3-a7d4-4537-b7a9-9d3ffb67b5e5,9eb704d3-ffc4-472c-a802-ca685c0e1894,20cd3153-783e-4949-a870-5e3960e864bc,2024-10-06,impression,49.48
2c71d5de-81d8-4a3d-99f5-d6be97bb74c3,60d76de0-f560-400b-929e-922aeecd5157,820f8e43-4dfb-4e11-90a1-a0cf95d20c33,2024-09-24,conversion,52.85
34c96425-5735-4884-a349-808b3cda40d0,8e3acb42-ceaa-4e15-b62c-617d0d0118b0,24869755-bb2c-4093-b1f9-ff0e2d89cbe6,2024-10-02,click,34.99
46a1cc58-c640-42c4-8395-0aaf523a087d,aa6ecc01-28ef-497f-a8eb-39d822c8be4f,9e5066b4-a994-484f-9d2e-2586e62c7fae,2024-09-21,conversion,89.2
2c6408ed-5d0c-4708-9b2a-ee076c575833,c951ec19-27fa-4373-ab42-99b734f554d1,ac30a0f6-52a5-419f-8718-5aa2c85fbddd,2024-09-12,impression,57.24
9e4d9b0d-6f9e-4c96-aa46-d61de3a7d434,8e3acb42-ceaa-4e15-b62c-617d0d0118b0,0e117dd0-758c-4331-b606-32e06819a56b,2024-09-11,click,92.24
a8cabcad-02a3-4232-b1fa-cd1b69b4dd6f,39d73fae-cf00-4f16-9170-29f776a63913,1c35e5af-5afa-4130-aa75-d97ad9df6ea3,2024-10-07,click,81.92
3a5f1b4d-17c0-45a7-a732-3d04c9ba11c7,9eb704d3-ffc4-472c-a802-ca685c0e1894,db3fe0c5-d978-4d7f-b28e-89db149f0333,2024-09-15,impression,44.16
92c818f6-7cfb-436e-bb08-c65c98b6cfe1,1fdea342-8d28-4eab-80a3-5629bf977118,c0d48c7a-c9a2-4723-b0ad-1350c90d0968,2024-09-10,conversion,32.41
680fbd9d-6637-42f4-b8bc-f41095089e5e,1fdea342-8d28-4eab-80a3-5629bf977118,c8aba093-a850-4f38-9b61-8f73a83b018a,2024-09-28,impression,96.3
737cfa61-31d9-45d1-8c4c-d4a7f9a75b57,c951ec19-27fa-4373-ab42-99b734f554d1,845d6acd-1e71-4621-89cd-5f34f2789dc9,2024-10-08,conversion,96.35
b3d98afd-c275-412f-9786-9cd5f4890f60,3bfb43a5-0ce9-47ea-a5a9-b360dbb72cda,fcc3cfd0-9ca8-43b9-9c17-e586a8718091,2024-09-10,click,50.38
6734dde0-91bc-41f8-9a33-6c39d0117d3c,8e3acb42-ceaa-4e15-b62c-617d0d0118b0,3d0761c6-2017-4674-975b-47f7dd8d205c,2024-10-05,click,61.7
dbeb9b1d-6688-4550-9cde-2e671838d3b2,ebb3123b-4158-41cd-92ff-7292f58c1f64,f8fde35b-7131-44f4-947f-29a724273acb,2024-10-06,click,21.1
58b24278-ca17-48fa-96ee-f4a23ceeded0,aa6ecc01-28ef-497f-a8eb-39d822c8be4f,dee6b657-3f86-49c9-a1c2-f230f784f89e,2024-10-01,conversion,59.65
9a3f6609-11d0-4d55-bd51-0156f7042a84,39d73fae-cf00-4f16-9170-29f776a63913,c6827b9f-a1ce-4730-82ea-36b5572de02f,2024-10-09,click,28.8
261c39a4-780c-406f-964d-8b8db0a37858,6318d6f8-94dc-42b0-b253-da3ae5897793,83b2b516-061e-4a4b-86d6-ef231a26a6d6,2024-09-15,impression,21.4
497acf44-b161-4c7f-9835-2fa0e0f45829,3cbbae18-950b-451f-a0c5-fad53f1353ce,0de533fb-1c2b-4718-b1d0-169bcfdf82f9,2024-09-26,conversion,64.66
fc92741f-e86e-45dc-a467-4c11c123155a,77bc93c9-1042-4f72-821a-1d8092f9c918,4b350ea2-aa74-44a6-b2f9-389b68e71913,2024-09-12,click,55.59
8aae88be-9217-4f80-bafb-a2d2e37df9ca,60d76de0-f560-400b-929e-922aeecd5157,4e22858b-1159-4ec1-b611-1e676a84c244,2024-09-13,conversion,69.57
ee15021a-134e-40be-8f15-9a018816f67f,60d76de0-f560-400b-929e-922aeecd5157,cee1002a-7b51-4355-8e11-b76dc40519d3,2024-09-17,impression,84.55
89167db6-e51d-4fb4-850f-ac458b943cdc,6d6f4398-addd-451a-8254-315a120e49d8,0bdfdc85-c61d-477f-ba6a-b168e3e3b0b2,2024-09-18,impression,12.81
e6dcd8e1-3cc3-4119-a7ae-032ed0f58394,4fa85347-8bca-4b17-85a8-541ee243474e,334789ab-7709-4c05-b566-33ea3abfedd0,2024-09-19,click,85.56
b1665581-bf0e-4160-aa86-b4e2e523d185,60d76de0-f560-400b-929e-922aeecd5157,5f9cc320-8b13-42c8-8ed5-9341c3392155,2024-09-26,click,48.78
fa8c3d69-ad89-46ac-8ba1-f0799d7f7a81,17e0f55f-3d2b-4ddf-995a-d18150aa904a,69f55b2e-628b-4fcd-b639-41c1047b99ca,2024-09-19,click,81.1
838dc382-15b9-4bc3-9fa6-7424fe1294a2,c951ec19-27fa-4373-ab42-99b734f554d1,2953a61d-38cb-41dc-a7bf-73d832cdc691,2024-09-29,conversion,21.64
553a3a44-dbcb-4829-bd21-8e3ca810cde6,6d6f4398-addd-451a-8254-315a120e49d8,95bf49f8-11a7-477d-8199-77258430db5b,2024-10-09,click,46.29
c47c7aa1-00ad-4ebd-8a3b-262ab87ef93f,a5b5c2f5-c96e-4f33-b6e0-78cf0ef01ee1,604c33f8-cdd5-41ca-9eb7-90084f8f8710,2024-09-29,conversion,71.44
1c438af4-2420-4935-9b1c-cc9f61a5c04d,aa6ecc01-28ef-497f-a8eb-39d822c8be4f,345ab8c3-273b-4835-9c5c-b2c0df150f2d,2024-10-03,conversion,66.5
caeefefc-5df9-4017-99de-d0cffc75bab1,3bfb43a5-0ce9-47ea-a5a9-b360dbb72cda,6e6aa800-71f2-4496-a288-3108f9f07fee,2024-09-19,conversion,31.91
74abf417-89b5-49bf-888c-b96e6a28015d,aa6ecc01-28ef-497f-a8eb-39d822c8be4f,5ad93ece-6cea-41ca-beb2-4d1d59604faf,2024-09-24,impression,90.54
d5712842-a864-4fdf-afec-bb6566cda82a,3cbbae18-950b-451f-a0c5-fad53f1353ce,de946964-565e-4167-9d32-de18a8a3a4ed,2024-09-18,conversion,99.7
05eada72-de25-4277-bbae-0d7a3cfb580f,8e3acb42-ceaa-4e15-b62c-617d0d0118b0,455bedd6-98cb-4e5a-94a2-ac5b4d4ea9be,2024-10-05,conversion,38.59
50bfda12-7708-4db2-ad13-028ed3a51bcf,77bc93c9-1042-4f72-821a-1d8092f9c918,f0a3d904-05d3-41f5-b3ad-fa51f96d28af,2024-09-15,conversion,54.63
9382fdfe-b2ef-4094-aedd-be0ae3ddfb55,b3d12371-ca1d-4c3c-ad30-829686e2dd65,d34288f6-f851-41e1-98c0-fcf58b0629e3,2024-09-30,click,81.93
ee831d68-161d-48d4-aaa8-cc5db298b620,6318d6f8-94dc-42b0-b253-da3ae5897793,ff5918ed-b418-4a01-b9b0-69d963927827,2024-09-10,conversion,91.17
f5db68ca-236d-47cc-bf39-02bdf9e91ef3,c951ec19-27fa-4373-ab42-99b734f554d1,17de95f6-7ff8-4664-8e88-d5e23b9f9c34,2024-09-25,click,80.47
ab3e3896-f2bb-4f96-82f4-3ebfba8e69fa,9eb704d3-ffc4-472c-a802-ca685c0e1894,15243bc8-b2af-473f-9f44-f173bf545f04,2024-09-10,click,45.73
a64c50e7-84c9-4b41-adad-3f16be50f719,f3343a8e-4755-45fb-9fcb-f92f377c7442,e0e34b07-1ccf-463c-907f-0078550e4e1d,2024-10-02,click,1.45
dee8e258-2581-4451-8ff4-36555e2dcc13,b3d12371-ca1d-4c3c-ad30-829686e2dd65,cf597f42-2efa-4fba-a3a6-10671d543bdf,2024-10-08,click,97.28
fe0af981-e067-4a09-85f5-fae30e54c882,6318d6f8-94dc-42b0-b253-da3ae5897793,db91ad40-4734-40c3-835f-d732fc14b261,2024-09-16,conversion,63.2
c8fffbef-8a46-4012-bc6c-8f9c091f99bc,17e0f55f-3d2b-4ddf-995a-d18150aa904a,c5a7b50e-461a-4d11-a0b2-fb252e95470e,2024-09-27,impression,85.66
93b1dfcb-0122-447d-896b-a3f6014fd017,9eb704d3-ffc4-472c-a802-ca685c0e1894,ebb54c93-a6b6-4c92-b62f-276c8df9b282,2024-10-07,impression,41.84
46841146-ba6f-421a-a297-2090cf0d9c0f,c951ec19-27fa-4373-ab42-99b734f554d1,dee6b657-3f86-49c9-a1c2-f230f784f89e,2024-09-27,impression,45.19
7b69ef73-b689-48b4-ab52-dff22715dd1f,77bc93c9-1042-4f72-821a-1d8092f9c918,55d433a1-6264-4900-a1e2-7f85c55dfd62,2024-09-16,impression,99.96
37509692-ce46-4fa2-88d4-24c47bd66816,3cbbae18-950b-451f-a0c5-fad53f1353ce,02180be8-6c75-4f79-bf4f-9c7d46808d0a,2024-09-23,impression,2.91
0a3a1038-6023-4d8f-b75d-2b2d9d965558,6d6f4398-addd-451a-8254-315a120e49d8,bad6c494-f866-424d-b053-52ef66370787,2024-09-24,impression,55.93
e064b565-3261-4b1c-a85e-db7d328d835a,6d6f4398-addd-451a-8254-315a120e49d8,241a0d66-5570-4415-9a95-d11b10c38148,2024-09-28,impression,24.6
db54473e-efc0-4017-8023-2845bb198148,3bfb43a5-0ce9-47ea-a5a9-b360dbb72cda,7e0c55b3-e0d5-488f-9e8f-662f659d2728,2024-09-28,conversion,97.6
abbd49d1-6bee-492b-9f98-14c4ba007ff0,9eb704d3-ffc4-472c-a802-ca685c0e1894,e7d5b96c-3568-43b4-888b-11cbeeba082f,2024-10-02,conversion,63.26
12fcb342-7c4b-4cd2-b559-29efe8f89b97,c951ec19-27fa-4373-ab42-99b734f554d1,bfc71c0b-6e68-46ce-bd75-109cb9d5ad30,2024-09-25,impression,4.91
37eec7f0-3c88-4fde-ab68-889f9153a727,c951ec19-27fa-4373-ab42-99b734f554d1,b15c9664-f46a-49bc-bfd4-65235a85d82a,2024-10-06,click,39.85
318bd8ef-0239-44bf-8a27-0f67ca04c76a,8e3acb42-ceaa-4e15-b62c-617d0d0118b0,233b79a6-19cb-4d8d-82fb-368e2536eebb,2024-09-11,conversion,51.3
917d8575-5c3e-4ec1-aa3a-ae97207c0cf4,3cbbae18-950b-451f-a0c5-fad53f1353ce,dd7ff67c-babf-4e58-9d71-bc34677cf047,2024-10-04,impression,26.39
25974cdd-a819-4cc4-8921-34aedaddb1fe,a5b5c2f5-c96e-4f33-b6e0-78cf0ef01ee1,38cc39bc-b738-4579-86e0-f4e59bd1692a,2024-09-10,conversion,81.13
be29ba00-8ca0-4bac-ba13-ecc5c8207ccd,8e3acb42-ceaa-4e15-b62c-617d0d0118b0,35ad9ebb-e50b-437b-b411-f5976ca737ea,2024-09-26,impression,90.47
504d2f39-0fb3-4293-80a0-71ed56568b92,3cbbae18-950b-451f-a0c5-fad53f1353ce,7ecab6f3-e4c3-4f54-9399-0a082e1b497e,2024-09-10,impression,71.66
eff1060e-4d68-4a50-818c-b71741e5e530,3bfb43a5-0ce9-47ea-a5a9-b360dbb72cda,2f401432-a018-4680-a28c-87dcae576609,2024-10-08,conversion,77.17
90f11773-6b3c-4a8c-89de-34e4b295271e,39d73fae-cf00-4f16-9170-29f776a63913,447fc8bc-1f56-4e12-8a09-6b59564163c7,2024-10-07,impression,97.66
41d4c949-22e3-4c95-9372-a98d429589c9,9eb704d3-ffc4-472c-a802-ca685c0e1894,55b09e7f-45d6-4802-a776-9f2c17312e62,2024-09-14,click,98.46
7e06e809-9ff5-4467-ba88-a6066d369d10,3bfb43a5-0ce9-47ea-a5a9-b360dbb72cda,390f3b39-c8bd-4c91-bc04-a22bb0a1220b,2024-09-23,click,45.0
6afa8175-6862-4306-ad5d-9d4c4184ec37,77bc93c9-1042-4f72-821a-1d8092f9c918,7597bca8-68fa-4e97-8f7b-61bd5ff1bc1b,2024-09-26,impression,23.56
c3224d00-1fff-4a6b-a657-2746f9004f71,b3d12371-ca1d-4c3c-ad30-829686e2dd65,390f3b39-c8bd-4c91-bc04-a22bb0a1220b,2024-09-26,impression,91.13
686bec1b-0c14-4c32-afc1-f2570ab8472f,4fa85347-8bca-4b17-85a8-541ee243474e,18cd81fb-8a5b-4440-9416-f2219aeb3083,2024-09-27,conversion,32.13
f6b2008e-958a-4f98-8b5d-0d4b179b9430,17e0f55f-3d2b-4ddf-995a-d18150aa904a,c0b8a76d-606e-4f82-b362-77f8dbfd0842,2024-10-02,impression,42.5
3f864c1c-9b91-434b-b362-172a39168de6,6318d6f8-94dc-42b0-b253-da3ae5897793,d449e129-f794-4baa-a3c8-2f9eb4b70c35,2024-09-16,impression,49.94
3de9d6da-32c2-4db1-ad16-7dd76755e696,0fe471cd-87c9-459e-8ec8-bc3cf2e0270b,433f7a6c-7f04-4dbc-a166-f83baa373bc7,2024-09-21,conversion,51.98
fe38cdc8-747c-4937-8966-60f0bbb6f235,ebb3123b-4158-41cd-92ff-7292f58c1f64,db91ad40-4734-40c3-835f-d732fc14b261,2024-10-08,impression,1.19
557f64cb-c5ce-4dba-9672-3752d5cf30f7,6318d6f8-94dc-42b0-b253-da3ae5897793,84a39017-d3ca-454e-8207-4caab6e109c3,2024-09-24,impression,58.75
362fc519-4771-4c73-9ea0-145521383f8a,ebb3123b-4158-41cd-92ff-7292f58c1f64,bfb81a4e-3e4e-4fd7-a50e-45f8061d00e2,2024-09-28,click,91.89
abf9ff96-9e87-4c98-a4fb-05f29122556f,4fa85347-8bca-4b17-85a8-541ee243474e,ceb1cf8c-2ae8-463b-886b-2541a472ec6a,2024-09-21,impression,67.56
0c8251a7-2a0f-473f-972b-b2d39167214d,6318d6f8-94dc-42b0-b253-da3ae5897793,403f245b-e84a-4cd7-bd27-71d5614eb9e2,2024-09-21,click,90.12
9400d79a-bd86-447d-a814-60321d06aaa4,39d73fae-cf00-4f16-9170-29f776a63913,2ab03308-fbb9-4ef7-91e9-196eac4a400a,2024-09-13,impression,94.0
d1d17e21-672b-43a0-be5c-890072991061,a5b5c2f5-c96e-4f33-b6e0-78cf0ef01ee1,5003e017-d905-47a4-9074-469502f3d821,2024-10-09,conversion,32.31
0dee68e8-71eb-4096-bcd6-591bdb95dc5a,4fa85347-8bca-4b17-85a8-541ee243474e,83b2b516-061e-4a4b-86d6-ef231a26a6d6,2024-09-12,impression,30.24
096cad5f-c1ee-4941-a7ae-3954af3cc123,60d76de0-f560-400b-929e-922aeecd5157,55d433a1-6264-4900-a1e2-7f85c55dfd62,2024-10-02,conversion,40.76
5d273351-e4e6-4b32-8763-24984c0a7098,60d76de0-f560-400b-929e-922aeecd5157,59c3f58a-50d9-4d88-8d3b-fdfa7097f6ea,2024-09-27,impression,16.98
9e4cb758-d5a8-41ba-8e9b-1ac548745e61,6318d6f8-94dc-42b0-b253-da3ae5897793,e1f49a99-4698-4938-aed6-bbd2c4459a43,2024-09-27,conversion,53.18
c4d1b9fc-c20c-4464-9635-4f3b103152b6,60d76de0-f560-400b-929e-922aeecd5157,c40f5901-a9e4-44a3-bcbd-b0c514b17b75,2024-10-02,click,23.34
d8b630c9-7120-4f5c-aa9d-07cc5c59a9be,3bfb43a5-0ce9-47ea-a5a9-b360dbb72cda,ea3e4cb3-d5a2-40f8-a97a-7fd54a39a592,2024-09-18,conversion,76.49
84088cde-cd93-4fba-8290-4e826a1ae69e,8e3acb42-ceaa-4e15-b62c-617d0d0118b0,a21e88e9-a64d-488e-acb4-48dbe9627d98,2024-09-13,click,56.33
e8e3551c-5908-4bc8-83d2-391c3133bb63,2fac66a8-1bc0-4aed-af2e-96d29a01fe02,e1f49a99-4698-4938-aed6-bbd2c4459a43,2024-09-15,impression,10.71
f22506dd-d4ff-4706-b4e9-476a9ad309d6,1fdea342-8d28-4eab-80a3-5629bf977118,5ad93ece-6cea-41ca-beb2-4d1d59604faf,2024-09-23,impression,88.92
9d6b5b57-ace4-400e-a4a6-ad47c53cd648,60d76de0-f560-400b-929e-922aeecd5157,b40ae879-1bb2-40fd-9561-e1352443919c,2024-09-13,conversion,77.24
dd9a6ce1-3f56-4dc5-886d-817454f268cd,b3d12371-ca1d-4c3c-ad30-829686e2dd65,f7095581-2787-4b31-89b5-cb9b11e179a6,2024-09-27,conversion,49.76
8f5c20a6-36bb-455b-a8a8-b8b80d2e67f7,8e3acb42-ceaa-4e15-b62c-617d0d0118b0,371ca096-edad-43fc-a40f-ee9a94ff2ef0,2024-09-17,impression,37.5
cd865db2-beba-4dd6-816f-577ea7cca797,ebb3123b-4158-41cd-92ff-7292f58c1f64,55d433a1-6264-4900-a1e2-7f85c55dfd62,2024-09-11,impression,34.92
7575d65c-8fdb-4cfb-9548-169119d75dac,c951ec19-27fa-4373-ab42-99b734f554d1,853337d6-bdaf-49b6-8015-36653d37f9c4,2024-10-09,click,68.26
c4957edd-bf0b-4544-aa9e-3532b3668740,3bfb43a5-0ce9-47ea-a5a9-b360dbb72cda,d72c4926-cb57-4f84-80ec-23a643b581dc,2024-10-05,impression,10.57
34dd1ede-7c3f-4a32-8f9c-bd69cbf79f96,1fdea342-8d28-4eab-80a3-5629bf977118,60c5d635-48e6-4d2b-91d0-b3ee69bc00fa,2024-09-18,impression,97.9
0d7453f8-bd4d-4b48-900a-5e06619809cd,a5b5c2f5-c96e-4f33-b6e0-78cf0ef01ee1,e6aca39c-fc61-4446-9203-de7bed83385e,2024-09-10,click,14.5
313f93d5-de95-4fff-8cef-cdf7b84882d5,0fe471cd-87c9-459e-8ec8-bc3cf2e0270b,1033cd2d-1da6-4fbc-a8d8-e7c418b72d4e,2024-09-16,click,41.85
d9511126-e5c7-4e39-bd1a-eca55ed64077,0fe471cd-87c9-459e-8ec8-bc3cf2e0270b,edca08df-854c-4f50-b6bc-76e7427f0b26,2024-09-18,conversion,42.88
3fcab404-7a58-4563-8e3b-5e6dbeab60ba,39d73fae-cf00-4f16-9170-29f776a63913,141793dd-f47d-4377-b6ac-a5e86e0b73e1,2024-09-26,click,35.59
83ec8534-f3c2-48cc-8470-a5855cc2fdd2,60d76de0-f560-400b-929e-922aeecd5157,d354f71a-f6f9-44ec-9587-bd28e7e30894,2024-09-30,click,85.85
600bd513-25a6-4ebd-b39b-ab3d5ca146d6,8e3acb42-ceaa-4e15-b62c-617d0d0118b0,9bd12501-3978-4f6c-b5be-be2f0f65311d,2024-10-07,conversion,87.8
ff063d01-c3dd-4a62-8993-4f84a3d78fb6,b3d12371-ca1d-4c3c-ad30-829686e2dd65,70a379f8-4121-4a20-8e41-da655e73ad8b,2024-09-14,impression,43.56
f6b4f42d-eeb8-4de2-98e9-18a64928772f,8e3acb42-ceaa-4e15-b62c-617d0d0118b0,f4a48ef6-8b7b-422e-9de1-968de491eccc,2024-09-27,click,43.67
ffbb76bb-23d6-4cd3-b308-701be490eb37,1fdea342-8d28-4eab-80a3-5629bf977118,a5951a10-e15b-40a5-9d42-fa992e0f6578,2024-10-03,impression,74.47
4289b7c9-7a08-4428-abdb-41d17733b1ef,39d73fae-cf00-4f16-9170-29f776a63913,a3b56543-3a5b-4c16-a0e8-30e52f926063,2024-09-11,conversion,94.54
2081638e-2fcd-4308-a826-ca06bb2b81e7,f3343a8e-4755-45fb-9fcb-f92f377c7442,bc40cb74-71b5-4302-bb3b-4a10965f37aa,2024-09-24,conversion,73.26
cf6527b1-e1cb-480a-9f22-71a8b6c98fbc,17e0f55f-3d2b-4ddf-995a-d18150aa904a,58d50550-7d26-4046-898a-e7a4527db612,2024-09-16,impression,25.63
76d51b1d-133d-42ba-96a4-d91bf9a1382a,9eb704d3-ffc4-472c-a802-ca685c0e1894,cece4d50-c90c-4870-85e4-fbca20a5464b,2024-09-17,click,94.7
d94df1d8-e53f-4a07-905b-97cde3680c4b,1fdea342-8d28-4eab-80a3-5629bf977118,19b12328-3b31-453f-a121-0e107ddba988,2024-09-25,click,21.83
85001515-706a-491b-ae06-06281b5f8e77,ebb3123b-4158-41cd-92ff-7292f58c1f64,aaf4a241-65d9-453d-a2d5-1a74e9417f33,2024-09-25,click,54.42
a69aad2a-989a-4b59-a071-15b4597ad1bd,ebb3123b-4158-41cd-92ff-7292f58c1f64,85275485-0018-4053-9dba-cd1cc0bd1602,2024-10-06,conversion,21.13
c63f5ede-f614-4077-977c-d0f7d9794359,4fa85347-8bca-4b17-85a8-541ee243474e,d137848e-b798-4d80-882e-91eb577fa405,2024-09-19,click,59.82
8cd2d591-8c4c-4398-81d5-fddd5983308a,ebb3123b-4158-41cd-92ff-7292f58c1f64,a7c7399c-bbc1-470f-8b0c-73c4dd7805b5,2024-09-11,click,81.49
6aafeaba-c96c-4417-9419-e10a599d7a48,b3d12371-ca1d-4c3c-ad30-829686e2dd65,900efab8-8da9-4008-911b-a964bd2a8f2f,2024-10-06,click,3.7
428f8525-f865-480c-8c8b-443439a35e89,77bc93c9-1042-4f72-821a-1d8092f9c918,db05f8e9-ebae-43a4-bc07-851a665ec672,2024-09-22,impression,6.23
c6d30b5b-186f-46eb-9d40-b154a8170816,2fac66a8-1bc0-4aed-af2e-96d29a01fe02,8438f71e-ee7b-4f4f-89a2-9778460101c5,2024-10-01,impression,23.44
c7c9f7fb-1e91-4ef7-95b7-5695934baf40,39d73fae-cf00-4f16-9170-29f776a63913,853337d6-bdaf-49b6-8015-36653d37f9c4,2024-10-09,conversion,78.0
bbeb9c83-3fa5-44b9-9798-e253362b8a2f,39d73fae-cf00-4f16-9170-29f776a63913,5ffcdaaf-352f-4383-9987-4003e629bd68,2024-10-08,click,16.41
a0ac76b3-db81-4d77-8262-538a5f81ae7a,a5b5c2f5-c96e-4f33-b6e0-78cf0ef01ee1,0e7427e9-74c8-49ef-9a93-a97f183af12d,2024-09-17,impression,60.1
b461575a-4c1f-4225-9d28-86bbfc06b29f,9eb704d3-ffc4-472c-a802-ca685c0e1894,e47f8b46-f55c-4d14-b4c6-6d212983e9c5,2024-09-27,click,48.74
a7bc3a9e-f147-4e61-8b52-92881499ec80,2fac66a8-1bc0-4aed-af2e-96d29a01fe02,651145ba-682b-484f-bc6a-58f302ee9c88,2024-09-19,impression,17.79
9dafb24f-caca-4fab-8dd6-6dc8720a1be2,60d76de0-f560-400b-929e-922aeecd5157,c08827fb-6852-42ac-8844-b5ba2c5ac92f,2024-10-09,click,86.6
038ca657-4bd6-4c35-ae7c-7de7f4b06e9e,1fdea342-8d28-4eab-80a3-5629bf977118,fb5747d3-8228-493e-b844-895d1a051e35,2024-09-16,impression,41.2
9ba9b504-5c41-4b04-ac4b-8af39a758b81,0fe471cd-87c9-459e-8ec8-bc3cf2e0270b,ce646153-5e9d-4312-81f5-3418a98836cf,2024-09-24,click,29.8
1ee6a0f7-71c7-4636-b8cf-7fed76a2acd1,9eb704d3-ffc4-472c-a802-ca685c0e1894,eea687b3-1c86-4009-b35e-b9735c648129,2024-10-03,impression,37.27
dc660d68-58a1-4234-9a07-55f61ac40d1d,9eb704d3-ffc4-472c-a802-ca685c0e1894,db0976b1-42a3-4b8d-96ff-92fe547b8b86,2024-10-07,click,75.14
e3595b39-5721-4527-9a50-a8ae3ba71cb1,6318d6f8-94dc-42b0-b253-da3ae5897793,7d89fa9b-5fe5-472d-b91a-c73fccb62a69,2024-10-06,conversion,47.91
1653cda2-b749-4ba7-924d-90c950f17f3d,3cbbae18-950b-451f-a0c5-fad53f1353ce,55202384-fe4b-4534-8546-b055178d9b2e,2024-09-12,conversion,15.98
bc06a9a2-cf11-4004-bb4f-1b0dd2f4a835,9eb704d3-ffc4-472c-a802-ca685c0e1894,a114c8c1-3e4a-40c8-8b53-02ebcc5b2673,2024-09-14,conversion,83.85
a7d51a50-8e66-41b9-8cf1-22f84b2a901c,8e3acb42-ceaa-4e15-b62c-617d0d0118b0,f4a48ef6-8b7b-422e-9de1-968de491eccc,2024-09-27,click,39.1
bea5bd60-8a96-4099-834a-72715bc9af8f,1fdea342-8d28-4eab-80a3-5629bf977118,6ec707db-d1e1-41a3-bc15-cf077c88f76f,2024-09-29,click,41.31
f0f1f16c-521b-475c-9ce7-fee567eeb6df,1fdea342-8d28-4eab-80a3-5629bf977118,d46cb555-b55b-41be-ae93-afa25c292e9f,2024-09-27,impression,23.0
5069efbe-64d8-4c6c-bc28-a660bc233dc6,4fa85347-8bca-4b17-85a8-541ee243474e,d859e75f-7c50-499c-915b-aa7e517bca82,2024-09-29,impression,87.68
8c178a90-0ea9-4eed-84c5-bcc2848f6bb5,77bc93c9-1042-4f72-821a-1d8092f9c918,d354f71a-f6f9-44ec-9587-bd28e7e30894,2024-09-13,conversion,94.38
62c94747-e8ec-4577-ac56-2c023e9fdcdd,ebb3123b-4158-41cd-92ff-7292f58c1f64,308c0256-18a4-43a7-a267-ddd231a9f5a3,2024-10-02,conversion,53.3
b418c279-29cc-4f26-ab43-6ba998d132d7,6318d6f8-94dc-42b0-b253-da3ae5897793,629cdc6d-de40-4559-92bc-7b47e84056fa,2024-09-12,conversion,51.3
ad9c741c-3b65-4af2-b01a-d32882200495,f3343a8e-4755-45fb-9fcb-f92f377c7442,ef234fb5-b034-4ce9-86be-7d1089b6acab,2024-09-22,click,9.98
8256d1ea-e665-4751-8419-5913eab39fc4,9eb704d3-ffc4-472c-a802-ca685c0e1894,2ffed406-14bc-4169-98e1-157e66debc18,2024-10-03,impression,25.96
0253ac87-d3d0-4ed2-9bb7-dc73a97e4ca4,3cbbae18-950b-451f-a0c5-fad53f1353ce,f716a455-e0bb-4f10-b96d-f639c3c7c559,2024-10-02,conversion,26.29
ade0518d-e342-46ee-a73c-0354f952d160,77bc93c9-1042-4f72-821a-1d8092f9c918,79643e55-860e-47d5-8c3d-127f8f867284,2024-10-09,conversion,50.55
ccf32bb7-4d2c-41b0-a76b-23566997e4ab,4fa85347-8bca-4b17-85a8-541ee243474e,aad81f4e-8612-4937-88f8-0baf858f4f67,2024-09-23,impression,68.48
c6ff1b0a-ca4e-4c7d-ac6e-825d6fad08bf,aa6ecc01-28ef-497f-a8eb-39d822c8be4f,472ccd21-7fab-4e50-b169-f6a597c6b630,2024-09-10,click,39.29
da8fae52-e84a-4b01-afe5-70e4bfba3e99,2fac66a8-1bc0-4aed-af2e-96d29a01fe02,f1e2ea45-52e8-4352-819a-615c5e8cbe80,2024-09-19,conversion,38.79
db94e2f6-dacc-4236-8099-3bbe783c3cc8,2fac66a8-1bc0-4aed-af2e-96d29a01fe02,dd414e95-07cc-4f40-bb9e-4b2e24fd3deb,2024-09-20,click,45.65
64ecd6a5-940d-49a3-8cfb-244d1abeefb5,17e0f55f-3d2b-4ddf-995a-d18150aa904a,f39e0a35-3c2d-446b-9c46-f5484b4d3f72,2024-10-01,impression,98.9
2c428e39-8834-4ce4-b8db-f6ed2e455d56,77bc93c9-1042-4f72-821a-1d8092f9c918,233b79a6-19cb-4d8d-82fb-368e2536eebb,2024-09-26,impression,33.89
1336d05c-d95b-4dba-bbb8-ac74403076bc,0fe471cd-87c9-459e-8ec8-bc3cf2e0270b,10bf0cf8-14e9-45ac-b675-2e9be693d564,2024-10-07,impression,75.42
5d71b177-43be-4487-ad42-5aa08adef4fb,a5b5c2f5-c96e-4f33-b6e0-78cf0ef01ee1,69d09547-f5b3-47fd-bd94-e602ede99aa5,2024-10-01,click,76.0
149f71fe-0f37-4ce6-990c-0457985a9c56,2fac66a8-1bc0-4aed-af2e-96d29a01fe02,98005988-d9d6-48e3-9b9b-e5994d08ef44,2024-09-27,conversion,20.14
3150f2d4-4c6d-4a30-b897-7848c33e054b,9eb704d3-ffc4-472c-a802-ca685c0e1894,633e6068-59b2-4b65-921e-c3fce31f1060,2024-09-12,impression,80.8
68dc842a-0721-401e-9318-e1218cad3b2d,39d73fae-cf00-4f16-9170-29f776a63913,b62653d8-0914-42ec-b0db-ba4daf2723fd,2024-10-03,impression,58.56
0801defb-a9fc-4fcc-be7f-e1593914cd5c,60d76de0-f560-400b-929e-922aeecd5157,7f0ff674-38d5-4f84-b7d0-e42a91ad1c2e,2024-09-19,click,15.83
c699a4b6-4a6c-4f0b-a63c-662e71d140ad,9eb704d3-ffc4-472c-a802-ca685c0e1894,a6a05e51-8a4e-45b7-abfa-eb659a9fae2b,2024-10-04,conversion,18.81
51676b1c-a52d-434d-a85e-1ab9b0c4e3a0,6318d6f8-94dc-42b0-b253-da3ae5897793,55561b92-8d0c-440d-a267-73f09620095f,2024-10-02,conversion,36.5
ffca47e9-dec7-46b1-b3b7-bbee25ef3be4,6318d6f8-94dc-42b0-b253-da3ae5897793,95ceaaa0-9c61-459d-a5b7-406c437287d1,2024-10-08,conversion,68.18
5d539cd7-43c2-4a17-8cd4-5e0643009a0d,f3343a8e-4755-45fb-9fcb-f92f377c7442,79cf4b95-8779-41cf-bc1b-517b8354102a,2024-09-16,impression,71.78
576b4f31-a739-4104-a33e-cdef20ae7b66,2fac66a8-1bc0-4aed-af2e-96d29a01fe02,1908ebee-c04f-41a9-af5e-54bd8435dcab,2024-09-11,conversion,41.39
7a2b37bc-8fed-4d8f-8b5f-dacbfc8fde7e,2fac66a8-1bc0-4aed-af2e-96d29a01fe02,06d6f1ba-a5cc-48c8-8927-e84da3d364b6,2024-10-09,conversion,66.71
b0f67012-9e97-4977-996d-ced2d3af3eb3,6d6f4398-addd-451a-8254-315a120e49d8,d97653fe-efca-46b1-89fd-d127213fbb56,2024-10-08,click,38.82
25433d99-6d7d-4a59-a69d-aceda474ea02,c951ec19-27fa-4373-ab42-99b734f554d1,1834512a-adcb-43ed-a1e7-662ef621487a,2024-09-22,conversion,53.82
2b5103fa-eac9-46e4-8da2-8c0792c73619,9eb704d3-ffc4-472c-a802-ca685c0e1894,14a66657-2301-41a5-8c3a-b8d32a4a810d,2024-10-02,impression,39.11
d7a671c0-0fcc-4c49-8382-c3d0f54d8e53,8e3acb42-ceaa-4e15-b62c-617d0d0118b0,4d70be34-e400-4386-a3a3-8c4b3b5f0203,2024-09-23,click,55.49
ac8ceb83-66b2-441c-959d-82a046a6854e,39d73fae-cf00-4f16-9170-29f776a63913,fa201806-afb1-468f-9724-d26ab1b0d4ca,2024-09-13,conversion,53.51
4751c077-1a26-4658-885b-99a9ff032393,2fac66a8-1bc0-4aed-af2e-96d29a01fe02,d2511bc7-34e9-40e2-8815-296d25e706af,2024-10-08,impression,8.3
10209d61-bc1b-4ddf-9f8e-c742e753c795,4fa85347-8bca-4b17-85a8-541ee243474e,18881cf1-d9cd-4f1a-a385-755136a8297e,2024-10-08,click,10.2
f129df8d-dd39-4b1d-a2d7-0d7a259da6bf,aa6ecc01-28ef-497f-a8eb-39d822c8be4f,bdf35664-fa23-48c0-a470-c290e7a28327,2024-09-29,click,85.9
66e853e9-a3bb-45a5-b7c7-abec6c40c08c,aa6ecc01-28ef-497f-a8eb-39d822c8be4f,69f55b2e-628b-4fcd-b639-41c1047b99ca,2024-10-06,click,97.71
5b887164-b5aa-45a4-9839-16eb25cce2c8,6318d6f8-94dc-42b0-b253-da3ae5897793,dd02319f-7228-467a-a936-0fd49e1708e7,2024-09-28,conversion,11.2
9a407d0d-ea5a-4fbf-879f-2ef2db23db98,ebb3123b-4158-41cd-92ff-7292f58c1f64,6c003511-529d-4568-bdf9-2e9c3cdcf42f,2024-10-07,impression,7.91
282ce660-7eb0-4b91-8a3b-2542bb8353f4,b3d12371-ca1d-4c3c-ad30-829686e2dd65,29283b53-8e7d-42d5-92c8-2f7ad9c75911,2024-09-11,conversion,3.48
a91a2f84-179d-454c-9372-cdb68032a69f,4fa85347-8bca-4b17-85a8-541ee243474e,1908ebee-c04f-41a9-af5e-54bd8435dcab,2024-09-11,impression,43.44
9f5b0fc6-8efc-47a4-9b79-421c662f2225,0fe471cd-87c9-459e-8ec8-bc3cf2e0270b,69d09547-f5b3-47fd-bd94-e602ede99aa5,2024-09-16,conversion,33.8
da2169e1-caf6-4ff5-ba90-84fa78ea4fc0,9eb704d3-ffc4-472c-a802-ca685c0e1894,1c3d3ffb-2f7a-4d53-a359-2f7b4e073c0b,2024-09-22,impression,82.93
3b9d421f-2c9d-4e62-a0f6-587940856517,0fe471cd-87c9-459e-8ec8-bc3cf2e0270b,53009905-490e-40b8-b723-acee0a82bec6,2024-09-14,click,96.25
a0dd62b9-5003-4389-9545-9b568870cf62,3bfb43a5-0ce9-47ea-a5a9-b360dbb72cda,6ba5f8d3-4767-4a45-bfd6-590437845497,2024-10-02,conversion,60.97
4461eec0-3831-4a1b-851f-12a688197400,60d76de0-f560-400b-929e-922aeecd5157,0e117dd0-758c-4331-b606-32e06819a56b,2024-09-30,conversion,41.16
daac63ad-84a5-4ff2-97ef-2be56dfe4c35,39d73fae-cf00-4f16-9170-29f776a63913,8d0d719c-2ea4-4abd-aca7-55e3ea71f51c,2024-09-19,impression,5.2
5fdc8ff2-8bf6-4c6b-8c15-72c9fb3513e1,b3d12371-ca1d-4c3c-ad30-829686e2dd65,900efab8-8da9-4008-911b-a964bd2a8f2f,2024-09-27,click,7.91
8492a89d-31fc-4dd4-ab67-0cbd5209ec6f,77bc93c9-1042-4f72-821a-1d8092f9c918,d6269377-62ff-4c8c-aa98-2387e1abe547,2024-10-08,click,11.16
804ab761-623a-4613-9e8c-cb1382784a7d,aa6ecc01-28ef-497f-a8eb-39d822c8be4f,f39e0a35-3c2d-446b-9c46-f5484b4d3f72,2024-09-30,impression,69.27
29510a41-9b8d-4688-bf0e-30887b1842e8,3cbbae18-950b-451f-a0c5-fad53f1353ce,459ce551-a18d-4719-a308-ae9f88373934,2024-10-03,click,1.94
2f0308e9-5051-468d-a8f0-f9f3e25d6dbc,b3d12371-ca1d-4c3c-ad30-829686e2dd65,5d20a19e-08e1-4db2-844c-0d861cec7a04,2024-10-05,click,61.55
cc36c23f-b5a4-4788-b961-10b14e1abe66,0fe471cd-87c9-459e-8ec8-bc3cf2e0270b,fbe5cda0-20c2-41d7-85ce-70544304c3ef,2024-09-27,click,14.6
c96ae85c-4426-4068-b26d-dc54785b7704,b3d12371-ca1d-4c3c-ad30-829686e2dd65,b75b5f76-eb5b-4a18-a21e-28ed48e45ddd,2024-09-24,impression,49.33
c3d3e87a-4266-4acd-abd5-807c493a8668,9eb704d3-ffc4-472c-a802-ca685c0e1894,a6a05e51-8a4e-45b7-abfa-eb659a9fae2b,2024-09-21,impression,11.8
3ad8d542-581d-4e4a-8c6e-274d686be2c8,60d76de0-f560-400b-929e-922aeecd5157,d99b34dc-4036-482e-8117-15dd80ae50bd,2024-09-24,conversion,35.5
749fb60c-b901-4e15-9b79-d4ef000c4342,3bfb43a5-0ce9-47ea-a5a9-b360dbb72cda,71f2a1e5-7cff-441e-a5fe-1fcb16dbc487,2024-09-30,impression,18.0
f5d16956-8d89-43e6-a13e-54e4ae8b7bda,1fdea342-8d28-4eab-80a3-5629bf977118,c0b0e1f7-9a2a-4aae-b89d-7884573c00a9,2024-09-18,conversion,78.84
c141c13b-f9bb-4107-bd2f-5f12db1a7cb8,b3d12371-ca1d-4c3c-ad30-829686e2dd65,aad81f4e-8612-4937-88f8-0baf858f4f67,2024-09-28,conversion,59.15
d9e298ef-355b-4261-9823-2b89aba650d1,4fa85347-8bca-4b17-85a8-541ee243474e,5c699f4c-e41e-41b4-a307-5127df0627be,2024-10-01,conversion,20.28
db24449a-fd5a-4a9a-89fb-c50377581197,6318d6f8-94dc-42b0-b253-da3ae5897793,f260ef4b-51f8-4615-8f81-1421eae070d8,2024-09-25,click,67.34
1dc2985d-056a-4e60-b8c0-b84aa5f5cf94,77bc93c9-1042-4f72-821a-1d8092f9c918,34e23d80-6f30-42cd-b290-69c8d7f0924f,2024-10-07,conversion,79.51
5a5c1947-9853-4e87-b872-7b0e15241463,c951ec19-27fa-4373-ab42-99b734f554d1,900efab8-8da9-4008-911b-a964bd2a8f2f,2024-09-19,conversion,0.49
94e1a5b2-53d1-4cfc-9a28-0ca3a399306b,60d76de0-f560-400b-929e-922aeecd5157,fdadced3-b8cc-4ba0-9d39-f589afb36aee,2024-09-11,click,14.33
aa23f639-e834-4c6c-9ec8-000ab6dacc5e,1fdea342-8d28-4eab-80a3-5629bf977118,41582727-4f26-49d7-b828-a3f88dc52d93,2024-10-03,conversion,71.77
dda6e9ac-d4ce-4dfb-b644-257b96b500be,a5b5c2f5-c96e-4f33-b6e0-78cf0ef01ee1,ceb1cf8c-2ae8-463b-886b-2541a472ec6a,2024-10-02,conversion,95.0
ad254894-cdee-4399-8123-f06f2ed70305,aa6ecc01-28ef-497f-a8eb-39d822c8be4f,961cd723-6cfe-4565-a10e-94ebdcbd6256,2024-09-25,click,78.55
56111826-4509-46b3-ac66-696d8101bcc9,4fa85347-8bca-4b17-85a8-541ee243474e,55561b92-8d0c-440d-a267-73f09620095f,2024-09-21,impression,70.87
935105e9-7a03-4eb8-9ac2-a50178324de7,3cbbae18-950b-451f-a0c5-fad53f1353ce,dd102911-c247-4686-886e-5388de9a6a6e,2024-10-04,click,39.1
0b83a71c-18d8-4c8f-be03-ae8202ddbdad,c951ec19-27fa-4373-ab42-99b734f554d1,8b49db26-c67e-48e9-8925-2ff94699a80f,2024-09-25,impression,48.18
b854e1ba-7fca-409b-87ba-9fd88f21fe63,6d6f4398-addd-451a-8254-315a120e49d8,c1f17076-9aa1-408e-ae92-13fa84c2becc,2024-09-13,conversion,83.73
6fa2004d-27a0-47a4-b469-70005719a585,17e0f55f-3d2b-4ddf-995a-d18150aa904a,89f50bd1-474b-4b89-bc77-dd5d8e917556,2024-09-27,conversion,30.56
99f84691-87ab-4768-b31a-829ede719f5e,6d6f4398-addd-451a-8254-315a120e49d8,69d09547-f5b3-47fd-bd94-e602ede99aa5,2024-09-21,conversion,19.74
1e6e5755-537a-43b6-86a0-e79561431ed3,9eb704d3-ffc4-472c-a802-ca685c0e1894,93d9f81d-7949-409e-a28b-82bb68e5fe27,2024-09-21,impression,82.4
dd7147d7-ba77-46b4-acdc-d9146f5ac8d1,0fe471cd-87c9-459e-8ec8-bc3cf2e0270b,56788854-c7cb-4e20-ad2d-6bab9a4ac47e,2024-09-21,conversion,5.9
6149d65a-197a-4abc-a10c-d50b7dd7c201,6d6f4398-addd-451a-8254-315a120e49d8,29283b53-8e7d-42d5-92c8-2f7ad9c75911,2024-09-26,impression,39.76
e5f4a6ff-9467-42e2-9ed2-8fd8f36ab945,17e0f55f-3d2b-4ddf-995a-d18150aa904a,0607e804-94c5-4e37-902c-88245bc766db,2024-09-19,impression,58.94
4a9997d0-52ac-4fa0-bfc2-4e58bdff1145,9eb704d3-ffc4-472c-a802-ca685c0e1894,eb4de202-16f6-4544-bc2b-4517281cc245,2024-09-30,click,31.13
638633e5-8fcf-44bd-9ff0-6e2083521f06,2fac66a8-1bc0-4aed-af2e-96d29a01fe02,4f8811c9-c1f1-4f1d-860c-5dc2aad23600,2024-10-05,click,52.11
7b99a9d2-c59d-4c10-a445-c93cb15b84fa,4fa85347-8bca-4b17-85a8-541ee243474e,1ad8ae78-017b-49d0-a648-419fb192e528,2024-09-25,click,34.88
e7386cbc-e419-49fc-9718-18afed9f4813,17e0f55f-3d2b-4ddf-995a-d18150aa904a,f4f966b3-6be1-43e7-aec1-100a0a530620,2024-09-25,click,33.78
2f20d576-fdb9-4382-ad35-0f6775e65094,9eb704d3-ffc4-472c-a802-ca685c0e1894,8438f71e-ee7b-4f4f-89a2-9778460101c5,2024-10-01,click,24.99
b351b76a-4e1b-402a-94eb-7ea5eb335796,a5b5c2f5-c96e-4f33-b6e0-78cf0ef01ee1,c3c721a5-a66c-4659-a8a8-6312b70502bd,2024-09-30,click,66.21
69d47718-1a95-4e7e-a3d3-6084d997f175,8e3acb42-ceaa-4e15-b62c-617d0d0118b0,9acac4b1-dc31-4f3b-ac1b-5f9875892a50,2024-09-25,impression,38.31
49fa9ab1-9304-44e9-bcec-98815877885e,c951ec19-27fa-4373-ab42-99b734f554d1,f39e0a35-3c2d-446b-9c46-f5484b4d3f72,2024-09-20,conversion,29.87
b689e049-3ba7-4869-9e19-197b16b6cbad,4fa85347-8bca-4b17-85a8-541ee243474e,53009905-490e-40b8-b723-acee0a82bec6,2024-09-25,conversion,20.86
163b553c-4eb6-46eb-a0bf-7905268663ca,8e3acb42-ceaa-4e15-b62c-617d0d0118b0,8e5751ce-ecd4-4c6c-8098-df4a2620bddb,2024-09-29,conversion,60.22
8dba6f25-70c1-48f0-a896-479ef707cff0,77bc93c9-1042-4f72-821a-1d8092f9c918,6aad5b88-a79f-4edf-9c81-b0041ddbf8e1,2024-09-11,conversion,1.34
22bb3525-3e05-4fd0-9ddc-f26a84d3422c,f3343a8e-4755-45fb-9fcb-f92f377c7442,c12996f8-23ed-46a7-80bd-a7f7731eaa93,2024-09-17,conversion,47.2
6305f964-8033-40d7-b072-3aa526f2e6da,60d76de0-f560-400b-929e-922aeecd5157,361750c3-566b-407e-ad5f-f684e368a2e0,2024-09-29,click,19.86
afc89e6d-e4d3-4812-8b6b-d9e4720b06ce,b3d12371-ca1d-4c3c-ad30-829686e2dd65,ac30a0f6-52a5-419f-8718-5aa2c85fbddd,2024-09-15,click,88.13
92eb14e6-b96d-43ad-9550-fa558ccd6f78,f3343a8e-4755-45fb-9fcb-f92f377c7442,d46cb555-b55b-41be-ae93-afa25c292e9f,2024-10-07,click,2.45
243037e9-08f3-41aa-80aa-96f0749e773a,9eb704d3-ffc4-472c-a802-ca685c0e1894,12982009-17a3-4514-86ae-dadc8f144fba,2024-09-18,impression,65.57
8cddb021-858b-4838-9bd2-dc416c8143af,60d76de0-f560-400b-929e-922aeecd5157,2eb910db-4788-4b7e-bc51-a01ec117c366,2024-09-21,conversion,86.98
756b547f-a54d-425f-b3ac-bec344cb4c98,2fac66a8-1bc0-4aed-af2e-96d29a01fe02,fcb84a4d-ea82-4f70-8c22-47110f64a3ce,2024-09-12,conversion,16.81
f4d55708-5a68-42e0-9d9d-8bfec8ac0953,2fac66a8-1bc0-4aed-af2e-96d29a01fe02,f6cf12fb-6d4c-4146-9f0c-80a82819b1b2,2024-09-20,conversion,96.12
c41c6091-9d3a-4d17-b903-2e77b0026da5,a5b5c2f5-c96e-4f33-b6e0-78cf0ef01ee1,93f19708-e09f-4272-a828-1fee2e8d06e2,2024-09-22,click,75.72
9ccc6196-1f5e-4e65-baef-b763baa41770,17e0f55f-3d2b-4ddf-995a-d18150aa904a,c6ef045b-6990-4169-86f3-046c610792d8,2024-09-13,conversion,42.8
26d8d7c7-e458-4f70-945c-7710e13ccaca,3cbbae18-950b-451f-a0c5-fad53f1353ce,2ffed406-14bc-4169-98e1-157e66debc18,2024-09-24,impression,30.5
fa6dc23b-3e8e-4b6d-8e50-47e3230ff789,3cbbae18-950b-451f-a0c5-fad53f1353ce,ab61937b-eeba-4ba0-bdb5-344c9339bb77,2024-09-21,conversion,38.31
c7dca171-6c4f-41c4-bcf6-1b7862962b50,3bfb43a5-0ce9-47ea-a5a9-b360dbb72cda,1f3a6f6b-e561-474e-b048-b88aa7e04732,2024-09-12,impression,51.18
278a2e88-8d16-4140-82e6-835dbb81ff8e,3bfb43a5-0ce9-47ea-a5a9-b360dbb72cda,77dfe046-49b9-4192-a63e-5dbb29f311f7,2024-09-26,impression,30.82
24f69769-f24d-44aa-bffe-49ae18188353,39d73fae-cf00-4f16-9170-29f776a63913,b846af15-1e71-44f8-946f-6d8338ae932d,2024-09-10,click,44.6
be654297-147c-4a4b-a0c4-bff43b5483ad,6318d6f8-94dc-42b0-b253-da3ae5897793,459ce551-a18d-4719-a308-ae9f88373934,2024-09-23,conversion,92.16
ba213235-39e3-4449-a503-aca29983113e,77bc93c9-1042-4f72-821a-1d8092f9c918,7597bca8-68fa-4e97-8f7b-61bd5ff1bc1b,2024-10-01,impression,57.87
15d50fec-08b4-4995-886f-ca68f9247f14,4fa85347-8bca-4b17-85a8-541ee243474e,e0fccc95-e837-481b-ae22-f9d136afbb59,2024-09-16,click,41.11
1bd52724-6caa-44b9-8dee-cd1e9b6d6c41,0fe471cd-87c9-459e-8ec8-bc3cf2e0270b,41582727-4f26-49d7-b828-a3f88dc52d93,2024-09-22,conversion,46.97
ed077d71-c566-443e-8d13-c2fc1e7eb09e,ebb3123b-4158-41cd-92ff-7292f58c1f64,abf2cc6f-eb4e-485b-a9ea-291cf8d592ce,2024-09-26,conversion,11.81
7a032275-c8e5-4bfe-b389-5a81cabce7e7,60d76de0-f560-400b-929e-922aeecd5157,d4db0a4d-b040-461b-8f5b-ad863b37f492,2024-09-30,click,10.52
0dfe6619-d9d7-40c0-9758-5c03548481c1,6d6f4398-addd-451a-8254-315a120e49d8,30a595c5-1f1a-495d-a4f7-55226e92080b,2024-09-28,impression,18.8
80c441ee-0a5d-44d1-96c7-c5e6111d7a96,2fac66a8-1bc0-4aed-af2e-96d29a01fe02,7a352a24-bf2b-43ec-a211-ede485de4467,2024-10-08,conversion,12.82
8d561694-5bc0-45a6-b68c-25d91bd650f6,b3d12371-ca1d-4c3c-ad30-829686e2dd65,3f412987-fd20-45cf-960d-2dea34103269,2024-10-02,impression,78.41
fcecb96b-871c-476e-b03c-cc61f586fdae,aa6ecc01-28ef-497f-a8eb-39d822c8be4f,fcb84a4d-ea82-4f70-8c22-47110f64a3ce,2024-09-18,conversion,78.56
b64f4126-d4cf-4534-9a89-2822dfd89297,0fe471cd-87c9-459e-8ec8-bc3cf2e0270b,a21da188-3711-4997-b6f7-f904cf6cee27,2024-09-21,conversion,72.98
1a92629d-f0ae-42b2-bf2c-94341de8cf40,c951ec19-27fa-4373-ab42-99b734f554d1,853337d6-bdaf-49b6-8015-36653d37f9c4,2024-09-17,click,48.31
74e3c294-3031-4b49-8b53-2a52b01ce7cc,c951ec19-27fa-4373-ab42-99b734f554d1,0de533fb-1c2b-4718-b1d0-169bcfdf82f9,2024-10-03,click,26.36
2382b19b-654b-4ebc-b604-ed9adfd5fed9,17e0f55f-3d2b-4ddf-995a-d18150aa904a,2a187553-8b6b-4251-ac67-47cd9cbcdce4,2024-09-14,conversion,17.28
befa5736-e9e6-4ea9-b1b1-6ae969b06ff7,9eb704d3-ffc4-472c-a802-ca685c0e1894,924cca1b-6e28-4287-9e47-eab5f58fafac,2024-09-22,conversion,93.72
b19ea2a7-1530-45ea-8df7-0f5a0fbf877c,6318d6f8-94dc-42b0-b253-da3ae5897793,f47987c9-3027-427f-a523-1e0735be05ef,2024-09-10,impression,92.81
b89a8384-ad19-40aa-9c3b-5681f40f4ce9,39d73fae-cf00-4f16-9170-29f776a63913,012b998e-5ddc-473e-810a-280a812fec67,2024-10-09,click,22.82
3d69c116-f930-4ec8-b88a-a13e8dbcdc4f,8e3acb42-ceaa-4e15-b62c-617d0d0118b0,c8aba093-a850-4f38-9b61-8f73a83b018a,2024-09-24,impression,3.36
62fe5065-cbae-4cfe-9a80-6690437e05e3,4fa85347-8bca-4b17-85a8-541ee243474e,c1f17076-9aa1-408e-ae92-13fa84c2becc,2024-10-07,click,88.99
e81e33d2-24ad-4ecb-a0fa-1fadf15a2a3a,3cbbae18-950b-451f-a0c5-fad53f1353ce,1130b320-1138-425f-aa55-451ba9062c49,2024-10-06,click,70.5
926b5b01-4d5b-44bc-b968-d3a32ae61eec,b3d12371-ca1d-4c3c-ad30-829686e2dd65,39f38fd5-681b-47b6-95c4-e6c7c96075cc,2024-09-26,click,81.38
2df23a9b-52c7-4da4-9b95-b75ab1797553,17e0f55f-3d2b-4ddf-995a-d18150aa904a,936e7515-d817-4443-85dc-a7bb629492f3,2024-09-19,impression,55.93
16a41b57-e7b9-490d-8db2-ad2909b71154,3bfb43a5-0ce9-47ea-a5a9-b360dbb72cda,f12604d7-055b-4ed2-8f53-332f55c19536,2024-09-24,conversion,26.82
53f864e2-9ed5-4c3f-8033-0e6fad9450b3,2fac66a8-1bc0-4aed-af2e-96d29a01fe02,f3058b40-93be-459e-8983-1a9f98dea577,2024-09-19,conversion,8.84
c20520b3-842a-4992-a33b-b400bf0e6e70,1fdea342-8d28-4eab-80a3-5629bf977118,72ce4b6a-5936-4cff-8d7c-a746dd2ce8d9,2024-10-02,conversion,14.4
bf94c268-2104-4927-b50a-bf21a5f9861e,0fe471cd-87c9-459e-8ec8-bc3cf2e0270b,97b5b5d4-0c75-4d7c-bff6-9efdafc2b058,2024-09-13,conversion,33.61
b1c69181-ea4d-462e-8918-7c409506e662,3bfb43a5-0ce9-47ea-a5a9-b360dbb72cda,f4439b28-6d43-4efb-a466-96279aa189ce,2024-09-10,impression,87.49
07f1ec9b-0129-4a85-b348-ace8fdc8b091,4fa85347-8bca-4b17-85a8-541ee243474e,65f50646-00e4-44aa-b302-e1405543fc28,2024-09-13,conversion,22.78
44f2ed6d-d2fe-4965-93a4-4a3b19f116f7,c951ec19-27fa-4373-ab42-99b734f554d1,985c496c-8f32-4619-8f2b-cdb1550a73bd,2024-09-13,click,23.72
19ca6ea2-4d37-4460-a4fc-ba5e1a1597bb,9eb704d3-ffc4-472c-a802-ca685c0e1894,dac2fffd-37a0-490f-bcc5-b3d01b493fc7,2024-09-25,impression,14.62
317d7cb9-0ee3-450f-984e-e0947aaf44b9,17e0f55f-3d2b-4ddf-995a-d18150aa904a,00922f3b-f360-44ba-969f-29ed35fccb27,2024-09-25,click,17.13
494b1192-8495-44cb-99f9-c31774baf563,60d76de0-f560-400b-929e-922aeecd5157,87aabd3f-c084-4beb-b5dd-68ccd0bd2268,2024-10-03,conversion,92.74
016a6134-95e8-444f-b1ea-7ca37efb3e3b,0fe471cd-87c9-459e-8ec8-bc3cf2e0270b,30801553-9906-4451-8b99-f74b139262ab,2024-09-27,click,86.3
d4ded4b5-b341-4d73-8c27-25e976a62b70,6d6f4398-addd-451a-8254-315a120e49d8,3eaf5d1c-e264-4bf9-afe3-c8c923de9eb1,2024-09-24,conversion,90.86
640ffa20-fb2e-4ffe-8241-2cb68b5cf169,39d73fae-cf00-4f16-9170-29f776a63913,3929d23b-fc35-412f-8583-461c4386b3ee,2024-09-15,conversion,88.75
117d5357-e027-4141-a7c6-3db0a768071a,4fa85347-8bca-4b17-85a8-541ee243474e,fcc3cfd0-9ca8-43b9-9c17-e586a8718091,2024-09-27,impression,72.66
49f7e58c-93d6-490b-86ac-7bce8b0c00e3,60d76de0-f560-400b-929e-922aeecd5157,97a9cd70-8c45-4ce7-b8fa-d1676b3bcb1a,2024-10-08,conversion,22.35
2b5d64e4-d769-4f55-93b5-dd3755b2ec87,4fa85347-8bca-4b17-85a8-541ee243474e,12982009-17a3-4514-86ae-dadc8f144fba,2024-09-23,impression,2.38
6e20113f-33a9-4b89-8fad-d27fd3d2271e,8e3acb42-ceaa-4e15-b62c-617d0d0118b0,688b42f4-1ae2-4288-a972-0abfe98bed5e,2024-10-01,conversion,83.82
a48227ac-812e-432a-a151-8aafa9e3277c,ebb3123b-4158-41cd-92ff-7292f58c1f64,68d4a185-66b2-4e3f-8cc9-10fa4cd61bb2,2024-09-28,conversion,99.32
a8a7c2b4-b4c2-4c17-a876-355d0ac9219a,39d73fae-cf00-4f16-9170-29f776a63913,839f7eb3-401f-4a93-b8fa-ef4c46ac87a3,2024-09-11,conversion,38.36
7632e8ba-1092-41a0-88dd-aa71b907da5a,17e0f55f-3d2b-4ddf-995a-d18150aa904a,fa201806-afb1-468f-9724-d26ab1b0d4ca,2024-09-18,conversion,92.62
0acfa8c6-b773-4be4-80b4-a6ffb74c88e8,b3d12371-ca1d-4c3c-ad30-829686e2dd65,103c26a6-4ed5-48df-b452-e7afe89d276a,2024-10-09,conversion,21.9
b574f37c-901f-414c-8c77-a2990a7461de,1fdea342-8d28-4eab-80a3-5629bf977118,5c2a4450-f301-4510-9304-d74900d3c734,2024-10-05,conversion,80.1
872d034e-5486-4480-8923-74b2199e9ab9,8e3acb42-ceaa-4e15-b62c-617d0d0118b0,8819f554-523d-4d5b-8298-62a106f1d217,2024-10-04,impression,89.55
95029a20-d0cc-4616-bafc-9612e196a610,0fe471cd-87c9-459e-8ec8-bc3cf2e0270b,b59b0853-4568-4bb0-b94f-84a6b6bb3106,2024-09-21,conversion,28.26
5b78c4ce-6a98-4652-bbc3-77ceeb246d3d,b3d12371-ca1d-4c3c-ad30-829686e2dd65,7286fb3a-b4af-45b2-a618-92c0ba75e22d,2024-09-30,impression,86.19
f302d46d-56ca-461b-b2ed-7de2b88d3de5,8e3acb42-ceaa-4e15-b62c-617d0d0118b0,35ad9ebb-e50b-437b-b411-f5976ca737ea,2024-09-20,impression,42.83
9d25caeb-403c-4084-a284-de2da8feaee1,ebb3123b-4158-41cd-92ff-7292f58c1f64,ddf58f69-e7ec-49cc-8c00-ebecac142b54,2024-09-27,conversion,16.47
8960ace3-7098-45bf-a53f-5eb35b0832aa,3cbbae18-950b-451f-a0c5-fad53f1353ce,7df78717-65cb-4388-9192-b1ecac1fa2e0,2024-10-07,click,76.35
44ac772b-0b41-4c58-b94e-96e9fe47f89a,77bc93c9-1042-4f72-821a-1d8092f9c918,5c699f4c-e41e-41b4-a307-5127df0627be,2024-09-12,conversion,20.88
e2f54a5a-fba3-44db-bad0-38b5447c1b22,3cbbae18-950b-451f-a0c5-fad53f1353ce,b488f44e-b2d5-4333-b5c4-de37cfb09d89,2024-09-19,conversion,63.54
b64c4864-bb27-4435-b4db-6275dc58674a,8e3acb42-ceaa-4e15-b62c-617d0d0118b0,35e25467-f189-404e-858c-8f4f67383ceb,2024-09-26,click,72.55
554fa644-6cf7-44cd-8b11-e356b15d8d07,b3d12371-ca1d-4c3c-ad30-829686e2dd65,0de533fb-1c2b-4718-b1d0-169bcfdf82f9,2024-09-29,click,68.78
a27706b6-aeb9-4962-b75d-ce62ad2735a1,39d73fae-cf00-4f16-9170-29f776a63913,0c9565a2-f697-4275-98aa-8b632411ce78,2024-09-21,impression,37.24
d952d460-b258-4344-964c-5faa85ce44cc,0fe471cd-87c9-459e-8ec8-bc3cf2e0270b,47e7984d-1fac-44ba-84a8-3c3209bffcef,2024-09-28,conversion,74.62
616fb6ca-25f0-42af-9b24-f056fb5dd7f8,a5b5c2f5-c96e-4f33-b6e0-78cf0ef01ee1,b75b5f76-eb5b-4a18-a21e-28ed48e45ddd,2024-10-04,impression,68.33
79e6e786-b3d6-41f1-a6a0-6224a497b565,4fa85347-8bca-4b17-85a8-541ee243474e,7b936060-52ff-4c9b-809a-829195073655,2024-10-07,click,56.21
0e12e634-e6cd-4222-bbe6-933cfc94f107,4fa85347-8bca-4b17-85a8-541ee243474e,1f82fc8b-730b-4892-abe1-06ab81ddda2c,2024-10-06,click,9.39
0da26a78-ec03-478d-922d-ed378b002e81,6d6f4398-addd-451a-8254-315a120e49d8,a523a871-4e1d-4473-ae48-90c5ff5440fe,2024-09-22,conversion,87.3
45687341-f41b-4a38-8997-479e07ebecf4,1fdea342-8d28-4eab-80a3-5629bf977118,f9c637d8-2db6-4fea-bae4-5faaec354f0e,2024-09-21,click,75.1
0a89cb9f-eadb-4c31-bedd-6beae180aabb,1fdea342-8d28-4eab-80a3-5629bf977118,1033cd2d-1da6-4fbc-a8d8-e7c418b72d4e,2024-09-21,conversion,68.72
92783729-e397-469c-ac93-08005124c656,77bc93c9-1042-4f72-821a-1d8092f9c918,a4e130ea-3240-44ad-a9c6-8173deb9e89b,2024-09-16,click,10.9
867b6d6c-0936-4f75-9c90-7372749fc017,6318d6f8-94dc-42b0-b253-da3ae5897793,6aad5b88-a79f-4edf-9c81-b0041ddbf8e1,2024-10-03,impression,96.91
0990305c-9415-45fc-8a9e-f89b48b47146,aa6ecc01-28ef-497f-a8eb-39d822c8be4f,18cd81fb-8a5b-4440-9416-f2219aeb3083,2024-09-11,conversion,32.29
25b9da45-87a3-40ac-ad04-4d18fefb75c0,1fdea342-8d28-4eab-80a3-5629bf977118,946a22fb-3ce6-4708-955e-2d0e3c4c5f27,2024-09-13,click,12.47
1372f276-98e6-446b-b3fa-5822b2ee6675,c951ec19-27fa-4373-ab42-99b734f554d1,df9c4514-0257-4b1e-8b47-cef2d5ffae5b,2024-09-20,click,21.32
dd178666-ba83-4f8e-a18c-f48047510175,17e0f55f-3d2b-4ddf-995a-d18150aa904a,a721248f-39fb-4fe3-ac95-a53d2a5d5695,2024-10-06,impression,15.7
de8d2a0b-0f30-43de-8d93-f77664f44942,6d6f4398-addd-451a-8254-315a120e49d8,994d78c1-e456-44df-b02e-42d1ecce7043,2024-09-24,click,31.86
03ac68a2-aa67-429f-a2f3-feba1e6a0a26,17e0f55f-3d2b-4ddf-995a-d18150aa904a,3705ebaa-2016-4026-a583-605c516c9cad,2024-09-17,conversion,91.1
4af7fbf8-21f6-4b4f-a301-116481b53f2f,b3d12371-ca1d-4c3c-ad30-829686e2dd65,c1ec92f4-7eda-4b6b-87ac-3e28a277f694,2024-09-18,conversion,42.9
4d2bf416-0119-4975-b3cb-5c346a980a61,a5b5c2f5-c96e-4f33-b6e0-78cf0ef01ee1,ebde7163-79d6-4f3c-8a8b-02b582cc55d7,2024-09-18,conversion,54.26
e703de14-f664-4bdd-9aad-e35987222c4b,4fa85347-8bca-4b17-85a8-541ee243474e,7df78717-65cb-4388-9192-b1ecac1fa2e0,2024-09-25,click,7.4
862a9c64-a7ae-4d50-a820-e2de969c38dc,3bfb43a5-0ce9-47ea-a5a9-b360dbb72cda,85394813-0951-4e04-ba88-3c490bdd6ad1,2024-10-08,click,59.62
b07d717c-ebf3-4443-9a03-cd146a8524b8,60d76de0-f560-400b-929e-922aeecd5157,3818361b-4128-4414-a922-f8ef7094f6e5,2024-10-06,impression,13.71
070bbd6c-d08b-4b48-bf97-23e54f10550d,17e0f55f-3d2b-4ddf-995a-d18150aa904a,9f935f41-9aa2-42dc-a4ff-e321cf992cb4,2024-09-16,click,23.72
679e3afb-036d-4081-825f-55f5330c55ba,4fa85347-8bca-4b17-85a8-541ee243474e,cf76b135-f17a-4f22-8c74-ff4ba3d046b4,2024-10-01,click,48.33
9208e9d6-70c8-4b7a-bfb8-cd391202a5b6,60d76de0-f560-400b-929e-922aeecd5157,748c46d5-2310-4c4c-aabb-d863d3e66b3e,2024-09-28,impression,72.3
108fa24e-871c-4ef8-86fc-55b7124dfc50,c951ec19-27fa-4373-ab42-99b734f554d1,90dea730-239e-4ee3-8b92-f2dfbe3a318f,2024-10-04,click,61.26
16947dcb-c971-4cf9-8062-ad5d25e4bf5e,a5b5c2f5-c96e-4f33-b6e0-78cf0ef01ee1,f903f8a3-239d-4725-a206-274ec7fc2317,2024-09-16,click,68.88
8f91e45c-5ef8-427f-a1f0-eec5bbcb4f01,77bc93c9-1042-4f72-821a-1d8092f9c918,300855fd-2f82-4413-b2fd-75ebdc8f709a,2024-09-24,click,18.98
48b979f5-d2b8-4cfa-8ea1-fe153c1082d2,4fa85347-8bca-4b17-85a8-541ee243474e,23888d41-e823-4662-9c3d-11b976ee3a8f,2024-10-01,click,0.39
713756a4-fd68-4167-be4d-b4190193c55c,9eb704d3-ffc4-472c-a802-ca685c0e1894,c3c721a5-a66c-4659-a8a8-6312b70502bd,2024-09-18,click,35.44
b23ec4a4-afe0-463a-91a1-3c9c11017816,3bfb43a5-0ce9-47ea-a5a9-b360dbb72cda,9afe9a52-9b2f-4293-9859-2613538e514c,2024-09-28,impression,61.56
25c2a169-b328-43bc-bf82-aa68eb301a47,9eb704d3-ffc4-472c-a802-ca685c0e1894,ac401e9d-8c28-4881-ac2b-d3320fa80a03,2024-10-07,impression,29.73
b73a5272-6497-4471-bec6-41d23d503984,17e0f55f-3d2b-4ddf-995a-d18150aa904a,3b757b7f-edc5-4d3b-a0f6-45a7b46ecd94,2024-10-08,click,89.73
904579f1-6e0d-4c5b-8091-4808d9042217,6318d6f8-94dc-42b0-b253-da3ae5897793,4138a7c0-8c01-491f-9163-1839386a1af8,2024-10-08,impression,54.76
f2b4e8d9-493f-4f09-b8f7-1cb5bcfa8494,17e0f55f-3d2b-4ddf-995a-d18150aa904a,ff5918ed-b418-4a01-b9b0-69d963927827,2024-09-15,conversion,28.73
3f39e070-975f-4259-a7ca-6a188053622c,0fe471cd-87c9-459e-8ec8-bc3cf2e0270b,79de1c52-dafa-4005-8dd5-4761cf128f18,2024-09-22,impression,68.37
da0404fc-312a-4c24-abb4-931695d6c38c,3bfb43a5-0ce9-47ea-a5a9-b360dbb72cda,75306583-814f-44d3-b7d2-bd134d569f24,2024-10-01,impression,74.19
9c6737e4-1993-438c-ad4a-5808379db376,39d73fae-cf00-4f16-9170-29f776a63913,c08827fb-6852-42ac-8844-b5ba2c5ac92f,2024-09-26,conversion,26.8
b2edc069-ede3-4cc5-a246-1840460f5c5a,f3343a8e-4755-45fb-9fcb-f92f377c7442,64ba5254-28e4-44a7-9500-f1cfd8e7c89c,2024-09-26,conversion,86.93
156e2695-fb55-4827-86a9-ba5f59dc0312,c951ec19-27fa-4373-ab42-99b734f554d1,688b42f4-1ae2-4288-a972-0abfe98bed5e,2024-09-10,impression,6.32
cd3f3146-dd9f-4e88-9070-70e782f3d943,3bfb43a5-0ce9-47ea-a5a9-b360dbb72cda,93d9f81d-7949-409e-a28b-82bb68e5fe27,2024-10-01,impression,35.72
927cd280-99f2-4445-8ffb-c183fe5267de,ebb3123b-4158-41cd-92ff-7292f58c1f64,fd179705-4ef3-40fc-b0dd-7549a854a462,2024-09-12,impression,64.26
315f4fcb-af89-41a4-8c56-a1c3fe2f58ef,a5b5c2f5-c96e-4f33-b6e0-78cf0ef01ee1,9453c723-52c0-44d3-ab22-bf0cd59e7baf,2024-09-13,click,58.6
4911d125-6bb2-40aa-bc88-bc8098077e55,17e0f55f-3d2b-4ddf-995a-d18150aa904a,acae74d2-ec94-4cb6-82c3-46d6d50bd97f,2024-10-03,click,19.44
711b5fc0-9212-4274-b593-0972e2723f74,f3343a8e-4755-45fb-9fcb-f92f377c7442,17de95f6-7ff8-4664-8e88-d5e23b9f9c34,2024-09-23,click,60.4
33ac196b-fe2e-465c-b74e-f0e58900c0b3,17e0f55f-3d2b-4ddf-995a-d18150aa904a,5ffcdaaf-352f-4383-9987-4003e629bd68,2024-09-29,conversion,68.25
0157e6d2-33a3-4e0e-8deb-aceeb0a27fd5,2fac66a8-1bc0-4aed-af2e-96d29a01fe02,33b59dd6-7df0-4294-9f0e-717a79630fb1,2024-10-06,impression,53.34
eb183f61-e673-488a-a121-2a27cefc93e8,6d6f4398-addd-451a-8254-315a120e49d8,eb2c119b-ccab-4337-82a1-a0f5a1f3c2fa,2024-10-09,conversion,78.46
77c0921d-c7f7-4006-a51b-02286f3c20e6,2fac66a8-1bc0-4aed-af2e-96d29a01fe02,d4ede91c-4fca-4e95-a217-7f4bdd534d05,2024-10-02,click,23.19
d073a9af-3d7a-4523-b8be-2600360df3d7,4fa85347-8bca-4b17-85a8-541ee243474e,3c83afe7-6245-4b6f-9e45-4c16b8025aea,2024-10-06,conversion,69.63
64fb6960-b5f1-4d4b-8863-f79212e9abc5,1fdea342-8d28-4eab-80a3-5629bf977118,4138a7c0-8c01-491f-9163-1839386a1af8,2024-09-28,conversion,76.23
f75243d3-0997-443e-aeee-cda7a1188e6d,39d73fae-cf00-4f16-9170-29f776a63913,98595f08-37f3-4062-a0b5-84e4cff2b139,2024-09-18,impression,90.93
b1ad328e-9db8-4639-adb5-6040da3f95da,2fac66a8-1bc0-4aed-af2e-96d29a01fe02,3a61127e-89ed-4c06-b942-48658cf009d7,2024-09-23,click,97.87
ee9c2093-22c7-4001-8612-edb641f7e473,6318d6f8-94dc-42b0-b253-da3ae5897793,255e7016-7cb8-426c-923f-81f4ce97a85d,2024-10-02,click,81.8
95de741e-81c6-4aad-a1ea-a9ea6cb8a855,60d76de0-f560-400b-929e-922aeecd5157,6ba08b43-6751-4c3e-8b21-e2a02e13898f,2024-09-18,click,26.55
5d64b825-34ed-4c7e-a8a2-e3d9676978bd,2fac66a8-1bc0-4aed-af2e-96d29a01fe02,9e6d1b1b-ce2a-47ab-a245-914ad1bf7f7b,2024-09-10,conversion,86.72
82c9bc79-31ec-479a-8d13-126a2ca22662,c951ec19-27fa-4373-ab42-99b734f554d1,07ee4295-1c9a-4649-91e0-29f4d206a5cc,2024-10-01,conversion,81.47
b63ecc32-8d5d-40ef-867f-842b42b5f885,6318d6f8-94dc-42b0-b253-da3ae5897793,7827c6d9-8bec-4c67-86f8-d2a8987f37bb,2024-09-19,conversion,16.1
c6be220c-a3fc-48b6-8601-f9337a3b3feb,0fe471cd-87c9-459e-8ec8-bc3cf2e0270b,a6a05e51-8a4e-45b7-abfa-eb659a9fae2b,2024-09-14,conversion,10.73
a548cb24-aa95-480f-b48f-adcb6cd63330,3cbbae18-950b-451f-a0c5-fad53f1353ce,b11874b7-77c0-43f3-b627-6abb1a6f379b,2024-10-05,click,62.66
c2296b1f-55e9-44c3-89dd-bcf35b16ab4e,2fac66a8-1bc0-4aed-af2e-96d29a01fe02,782b9280-e92e-463d-8dd9-e6b174a090dc,2024-10-05,conversion,99.64
f3646fbc-4651-493d-bd7f-a7d6c9b7d880,1fdea342-8d28-4eab-80a3-5629bf977118,ef9862fe-d52a-454a-ae50-41f390246598,2024-09-29,impression,20.92
16a48d44-65b1-4c2b-a0c7-2c826539b1fa,b3d12371-ca1d-4c3c-ad30-829686e2dd65,27e47945-22f3-4634-bb03-5e13031ab651,2024-09-27,conversion,38.64
0f9ccb6f-dc85-4948-a749-e8a230c8037d,1fdea342-8d28-4eab-80a3-5629bf977118,c55569e6-06d5-4548-bd4f-f4812f39dfdc,2024-09-19,click,32.2
b167d76a-1216-4398-8310-3232e1de9808,aa6ecc01-28ef-497f-a8eb-39d822c8be4f,b9e84207-5748-44d7-9d20-f92e552e2190,2024-09-14,conversion,12.39
0066a69d-4637-447f-b6f5-92903fe8c681,ebb3123b-4158-41cd-92ff-7292f58c1f64,98595f08-37f3-4062-a0b5-84e4cff2b139,2024-10-01,impression,19.6
5d8f43f7-73f0-4529-9674-19c65c9f169c,4fa85347-8bca-4b17-85a8-541ee243474e,54f90415-4abe-4806-a407-2a4ca304627e,2024-09-12,conversion,31.61
92710431-e5ea-43bc-944f-e31d52411f7d,6318d6f8-94dc-42b0-b253-da3ae5897793,095f43fa-a1c2-48e6-87c9-198d04697b6e,2024-09-24,click,87.77
7d409ea3-c47b-47d1-89e1-66f618bb4989,a5b5c2f5-c96e-4f33-b6e0-78cf0ef01ee1,32ca9529-6d2b-4882-9497-6f127d458e5e,2024-09-24,conversion,29.45
f3fe04f8-b5e3-4ed3-9f1a-d76072a6a34f,60d76de0-f560-400b-929e-922aeecd5157,75306583-814f-44d3-b7d2-bd134d569f24,2024-09-24,impression,43.13
f13aebd3-7384-4689-9b35-2efad622e321,3bfb43a5-0ce9-47ea-a5a9-b360dbb72cda,4ef3e0d7-b00f-4b7f-b983-79e1b7fb1ef5,2024-09-12,click,54.6
34907608-ef28-4315-b3a1-0162901d4838,0fe471cd-87c9-459e-8ec8-bc3cf2e0270b,c9832973-6ae3-4bba-93e2-340696b56730,2024-10-08,conversion,47.4
284ec580-2bee-498b-8561-169aa0acab47,3bfb43a5-0ce9-47ea-a5a9-b360dbb72cda,f081e58d-9ef3-4edc-9bfd-8d75b0613e74,2024-10-01,impression,31.93
461d7d03-c523-4d1d-8d0c-b1388bb2deea,aa6ecc01-28ef-497f-a8eb-39d822c8be4f,cc1f99cc-5bf1-4dd9-b35c-fa0145e5c04e,2024-09-28,click,52.34
27d2f71b-919b-4a6f-be64-fd2cab912d55,17e0f55f-3d2b-4ddf-995a-d18150aa904a,4f8811c9-c1f1-4f1d-860c-5dc2aad23600,2024-09-25,conversion,57.42
55f0702f-dd00-4a97-9e93-c2876d68ed76,9eb704d3-ffc4-472c-a802-ca685c0e1894,403f245b-e84a-4cd7-bd27-71d5614eb9e2,2024-10-03,conversion,55.81
621490ea-e092-45c9-8d7b-1c1679ce06a6,3bfb43a5-0ce9-47ea-a5a9-b360dbb72cda,e8836322-7dca-4023-95aa-6c79a0600e02,2024-09-16,click,43.83
b6f359c9-5c39-4445-b42b-610a60cfef71,4fa85347-8bca-4b17-85a8-541ee243474e,b02c47f6-e4b0-4ffc-a9b8-0f2afb189c76,2024-09-19,impression,2.53
8e52fa05-fd85-4fa4-adfb-cf43cf88ac42,aa6ecc01-28ef-497f-a8eb-39d822c8be4f,473018b8-41a1-4f67-a23c-05343dbd1ab4,2024-09-27,click,48.24
ab1ed1a0-a04f-420d-96a6-417cfa87362c,77bc93c9-1042-4f72-821a-1d8092f9c918,0c9565a2-f697-4275-98aa-8b632411ce78,2024-09-24,click,65.77
2ecc379a-8672-49a0-bc23-05d98e9886ad,3cbbae18-950b-451f-a0c5-fad53f1353ce,d3790fab-b152-42e5-bf09-ce67299b0d45,2024-09-24,conversion,63.43
c933d148-8b11-441d-ad32-2a91df9d5416,8e3acb42-ceaa-4e15-b62c-617d0d0118b0,deae3856-3eb4-49cb-8570-d87fda058729,2024-09-25,click,5.15
09194f76-33a7-4ecb-ac3d-56d8667f49af,9eb704d3-ffc4-472c-a802-ca685c0e1894,25df2549-ecd3-4336-8999-ca1f1aaa1aa4,2024-09-18,conversion,28.69
1523dc29-7f2e-4071-b6b9-44ff2995a23f,77bc93c9-1042-4f72-821a-1d8092f9c918,c0bea49b-5642-4b7e-9c2c-18d1e5216ad4,2024-10-05,impression,59.17
91eeb131-1e3f-469c-b1e4-b9c778569186,2fac66a8-1bc0-4aed-af2e-96d29a01fe02,f7730b92-c6b6-4e31-a152-9d21506f3f80,2024-09-24,impression,37.73
887ebcac-4534-43c5-8b40-28ec2b93f16e,0fe471cd-87c9-459e-8ec8-bc3cf2e0270b,7e29246e-8b65-44c6-a2ef-882d10da9432,2024-09-29,conversion,27.95
0fdeb428-2f94-433a-8ce7-5478dd5a9ec8,a5b5c2f5-c96e-4f33-b6e0-78cf0ef01ee1,908e6b43-2d69-49b8-96ef-ffcb4d1e6d05,2024-09-14,click,62.45
a7a63643-6f7d-4cef-b003-7c821df49b64,aa6ecc01-28ef-497f-a8eb-39d822c8be4f,35e25467-f189-404e-858c-8f4f67383ceb,2024-10-01,impression,40.81
41655bc4-3fea-42a9-a3b6-21dc35a87307,1fdea342-8d28-4eab-80a3-5629bf977118,77dfe046-49b9-4192-a63e-5dbb29f311f7,2024-09-16,conversion,32.7
3c902651-eea3-4f9f-8894-604e52bee5bc,3cbbae18-950b-451f-a0c5-fad53f1353ce,5205fbd9-f549-466c-9a7c-5f515d6d55d2,2024-10-08,click,34.39
eb71153c-a4c9-465d-92f2-3a62b86f9eae,0fe471cd-87c9-459e-8ec8-bc3cf2e0270b,ab61937b-eeba-4ba0-bdb5-344c9339bb77,2024-09-10,conversion,25.86
43fdabda-ee1a-47c6-b304-be63000215c8,8e3acb42-ceaa-4e15-b62c-617d0d0118b0,e0e34b07-1ccf-463c-907f-0078550e4e1d,2024-09-22,click,52.81
609f4e94-1c6e-411a-a8f8-8dc3ebe9e8c0,6d6f4398-addd-451a-8254-315a120e49d8,813322de-47f6-424b-85b8-20a714fd3ceb,2024-09-11,conversion,33.7
2c3c3f42-0a27-4660-83ea-42f449df12e5,3bfb43a5-0ce9-47ea-a5a9-b360dbb72cda,a41bd6bb-39aa-4a0c-8b91-7b32c847311e,2024-09-16,impression,87.14
48f5c755-9eb0-4825-921b-abe014130986,c951ec19-27fa-4373-ab42-99b734f554d1,cc1f99cc-5bf1-4dd9-b35c-fa0145e5c04e,2024-09-17,click,29.21
d02a9839-3a6c-4801-9be7-7ec817acb3d5,60d76de0-f560-400b-929e-922aeecd5157,37184e80-f390-4f43-998a-60e327342452,2024-09-30,conversion,48.12
9da19e23-69d4-4e21-8349-7db207ed3cf6,17e0f55f-3d2b-4ddf-995a-d18150aa904a,bbf772d6-5adc-4b78-b9b7-4051039a1047,2024-09-15,click,20.87
6d524efa-8ccc-40f1-99ab-624df2509be0,9eb704d3-ffc4-472c-a802-ca685c0e1894,fb5747d3-8228-493e-b844-895d1a051e35,2024-09-11,impression,28.94
fa6f0b42-f04f-41f1-bfb5-8bb650577d29,60d76de0-f560-400b-929e-922aeecd5157,e52c720f-3170-49e4-8c06-194f995c6d0b,2024-09-18,impression,17.6
92c820fe-72ec-49bb-a71c-9b9f7f7debdf,3cbbae18-950b-451f-a0c5-fad53f1353ce,8506982e-3c1b-4e8c-a757-e60f82cc0cec,2024-09-21,impression,56.9
32cd3a1c-a8b7-4cbf-95d1-ab06e0ef471a,4fa85347-8bca-4b17-85a8-541ee243474e,c0bea49b-5642-4b7e-9c2c-18d1e5216ad4,2024-09-26,impression,30.74
192901e9-badb-4b72-9165-c78ddfcec112,ebb3123b-4158-41cd-92ff-7292f58c1f64,3270eba9-3bbe-4718-be93-70cfdc288f21,2024-09-20,impression,37.51
ddd891b1-a81e-4461-996b-aaa4e8713e57,1fdea342-8d28-4eab-80a3-5629bf977118,d97653fe-efca-46b1-89fd-d127213fbb56,2024-09-19,impression,1.54
066e1a5c-c335-405b-9d58-320ac21f360a,6d6f4398-addd-451a-8254-315a120e49d8,69fc651d-7492-433f-9c77-518a0b3fe461,2024-09-21,conversion,54.56
414cb32a-c4db-48a5-a5f7-b859c340fd11,f3343a8e-4755-45fb-9fcb-f92f377c7442,729f88ed-f7de-425e-a018-98d7523abd13,2024-09-10,impression,26.41
1a861f27-97b0-435f-8cf1-fa4f2931e38c,3cbbae18-950b-451f-a0c5-fad53f1353ce,6fb61392-fe0a-41bd-8761-caded8e4cea1,2024-10-01,click,79.17
edd0aa4e-929a-4e09-83d5-e6e9650633b7,1fdea342-8d28-4eab-80a3-5629bf977118,8d94262e-4da6-480e-9d0a-8b86d987ac4b,2024-09-16,impression,7.54
2017ccbc-a0f6-4a8c-9d56-ddb133646a47,6d6f4398-addd-451a-8254-315a120e49d8,e5b14ddd-fc99-46b3-8733-806bdf836300,2024-09-27,click,92.3
1f886ce1-2262-4cd5-b336-496c074acc4c,77bc93c9-1042-4f72-821a-1d8092f9c918,70d3bd41-334b-4571-b062-80d879562012,2024-09-21,click,99.79
d3b5bf02-a8e0-4852-90f7-1322b0233545,60d76de0-f560-400b-929e-922aeecd5157,de5f4f36-0e46-4a23-ab17-a49544775dac,2024-09-24,conversion,86.99
813e453c-a919-442e-b30f-88d7e6d5bef2,9eb704d3-ffc4-472c-a802-ca685c0e1894,c4e99fbf-dffc-4cab-83f8-48b3f0f2c10f,2024-09-27,impression,86.35
8a480893-2114-414e-868b-5902f98c66e5,77bc93c9-1042-4f72-821a-1d8092f9c918,18a982dc-b478-4c83-bca6-d9f0af341942,2024-09-12,click,58.36
3cb96797-089b-4f60-bf62-701535fa3c90,8e3acb42-ceaa-4e15-b62c-617d0d0118b0,403f245b-e84a-4cd7-bd27-71d5614eb9e2,2024-09-11,click,51.84
82e37ace-0fa0-4045-bfc0-710273d3c040,6d6f4398-addd-451a-8254-315a120e49d8,4eb81895-b0f4-4a5f-91aa-12a6fdbb94cf,2024-09-22,impression,37.5
0c92165a-269f-420c-92f9-abfa621ac5af,f3343a8e-4755-45fb-9fcb-f92f377c7442,d79c6a03-2973-432c-bc40-e11cab1fce0c,2024-09-18,impression,72.14
c0adfc61-0465-4e8d-af44-76a5fc897aba,8e3acb42-ceaa-4e15-b62c-617d0d0118b0,d307c3a6-b8a3-4155-85a9-9b2e936dc2bb,2024-09-11,impression,38.96
55d34bb4-0217-4a9e-8d24-112d8674cd4b,c951ec19-27fa-4373-ab42-99b734f554d1,2e31563f-642c-40b0-8a9f-917e6112fce5,2024-09-20,impression,71.37
03c78f8c-cfb8-4ef6-8155-42edbd062c10,2fac66a8-1bc0-4aed-af2e-96d29a01fe02,1ad8ae78-017b-49d0-a648-419fb192e528,2024-10-09,conversion,24.57
bc633a42-5a9d-4d54-a65f-fded58d3ef4a,3bfb43a5-0ce9-47ea-a5a9-b360dbb72cda,aad81f4e-8612-4937-88f8-0baf858f4f67,2024-09-15,impression,37.76
2e49d231-c103-4fcc-b00f-acae293fcfca,ebb3123b-4158-41cd-92ff-7292f58c1f64,39bec3b5-e945-40b2-8d7d-47fd78d09abf,2024-10-07,click,14.2
ee808447-33ed-414f-9165-7b36ee61eb6e,aa6ecc01-28ef-497f-a8eb-39d822c8be4f,12344b4d-0dc8-4aee-8b78-283baf6b7cc3,2024-09-30,impression,70.87
a06d2d4a-ad90-48e4-8c5e-8b3a0002c3f8,c951ec19-27fa-4373-ab42-99b734f554d1,303f01f8-0d13-4ef0-a94f-5ddc9a8bef20,2024-10-09,impression,12.35
bfb3e0ce-768c-45d1-93f8-e8ee37409c34,2fac66a8-1bc0-4aed-af2e-96d29a01fe02,2d2d5872-6d7c-4a33-852a-3707a7bb8a9e,2024-09-23,impression,45.2
5285ab00-9ddc-407f-9d30-5cb6cf7c7260,77bc93c9-1042-4f72-821a-1d8092f9c918,fa1e6bc5-cec3-4d3d-9e5a-2db74157ac95,2024-09-21,conversion,81.39
6a81d97e-bcd5-4907-af3c-0ade6899a20d,60d76de0-f560-400b-929e-922aeecd5157,dd102911-c247-4686-886e-5388de9a6a6e,2024-09-26,click,32.79
c9f9903d-6680-438a-8fa3-90c398de0145,39d73fae-cf00-4f16-9170-29f776a63913,55259fa4-2a13-404d-9da1-a78c6e01c433,2024-09-22,conversion,48.19
f30c3930-4f5c-47aa-b1ea-74e9efeea5a0,39d73fae-cf00-4f16-9170-29f776a63913,fb5747d3-8228-493e-b844-895d1a051e35,2024-10-07,click,41.12
2c01709d-a67c-4a9d-9558-76877e055628,17e0f55f-3d2b-4ddf-995a-d18150aa904a,bfc410a4-76ab-4c05-8dcd-66da1d5a9bc8,2024-09-22,impression,74.57
e9e9ac52-36d9-4c5f-87b2-010cc712bd9b,a5b5c2f5-c96e-4f33-b6e0-78cf0ef01ee1,2ffed406-14bc-4169-98e1-157e66debc18,2024-09-10,click,17.67
f4af6b73-4e4b-44d0-88dc-12e5e20a4009,39d73fae-cf00-4f16-9170-29f776a63913,aa0b0bc6-5e7e-49e8-8cf2-89678dc1354e,2024-09-24,conversion,49.64
d97d3c3e-bee7-4e0a-8bcd-6013cc643a6c,17e0f55f-3d2b-4ddf-995a-d18150aa904a,d354f71a-f6f9-44ec-9587-bd28e7e30894,2024-09-13,click,48.78
28587493-f580-4861-af47-518d9f48b44e,0fe471cd-87c9-459e-8ec8-bc3cf2e0270b,41a801b0-eb4f-445c-9499-244f28424e1e,2024-10-04,conversion,35.12
12b3539a-b64a-46af-a098-d72018882851,77bc93c9-1042-4f72-821a-1d8092f9c918,ddf58f69-e7ec-49cc-8c00-ebecac142b54,2024-09-14,conversion,15.45
145aaa6b-0824-4d25-8441-5de56f974651,aa6ecc01-28ef-497f-a8eb-39d822c8be4f,c426345e-e7ff-439c-8550-eacf5c8acab2,2024-10-04,conversion,59.13
3da1ae05-5991-43a6-a723-fbae95ea86dd,1fdea342-8d28-4eab-80a3-5629bf977118,c5440a51-420a-47a8-b92e-9f8eea4ee2c6,2024-09-10,impression,37.74
9ee78ccd-6d60-4175-bfb4-925ed89395f6,6318d6f8-94dc-42b0-b253-da3ae5897793,66d55155-cc29-4eb7-8756-e27dcb13fcbe,2024-09-24,impression,93.89
2676115a-42c7-4aa9-9b8e-38c64ee96ce8,f3343a8e-4755-45fb-9fcb-f92f377c7442,784ba08b-88e1-4ff8-926c-b0013ff44111,2024-10-09,impression,70.5
200e5662-8ff9-4b09-a24f-8500b8063b18,3cbbae18-950b-451f-a0c5-fad53f1353ce,deae3856-3eb4-49cb-8570-d87fda058729,2024-09-17,impression,96.91
760282d9-97fe-47f3-8343-0763b81a2d87,1fdea342-8d28-4eab-80a3-5629bf977118,58f82ed8-3bd2-4935-96d1-8b7847be0e24,2024-10-09,impression,16.44
a3efbb96-6761-4907-9fb4-2d12b6bb35a7,3cbbae18-950b-451f-a0c5-fad53f1353ce,3c9ef387-9a09-42e1-bb0a-2ef8bcfe422d,2024-09-11,click,11.64
195a857a-fc8b-4a81-aa60-387207f3c6e9,1fdea342-8d28-4eab-80a3-5629bf977118,e541f180-272e-4d3b-8271-6f48d4f9fbd2,2024-09-19,click,24.35
fc4744bb-1398-42d6-8cb4-b37b4407c506,17e0f55f-3d2b-4ddf-995a-d18150aa904a,d5e34482-13af-4714-9471-b44cd9df73bc,2024-09-27,conversion,14.36
1a93c715-02e4-4eee-929b-10d49e334a81,f3343a8e-4755-45fb-9fcb-f92f377c7442,5c699f4c-e41e-41b4-a307-5127df0627be,2024-09-24,impression,17.79
d72f559e-239a-4240-a77b-0c3cd2a4d8be,ebb3123b-4158-41cd-92ff-7292f58c1f64,668867b0-ecdb-4256-b114-05bd7f8372d0,2024-09-22,impression,39.89
835f8bcb-e300-4635-b49f-5355c00d0865,f3343a8e-4755-45fb-9fcb-f92f377c7442,76adae62-dd72-48f6-b002-06de6e88acaf,2024-09-16,conversion,69.56
